Numer zadania,Nazwa zadania,Numer pola,£azik,Czas wystawienia,Czas zrealizowania
2,explore_point,explore_point_-4.4_-4.2,Rover1,0.0,15.250000000000082
4,explore_point,explore_point_-4.4_-3.8,Rover1,15.80000000000009,19.100000000000136
5,explore_point,explore_point_-4.4_-3.6,Rover1,19.650000000000144,21.950000000000177
6,explore_point,explore_point_-4.4_-3.4,Rover1,22.500000000000185,24.600000000000215
7,explore_point,explore_point_-4.4_-3.2,Rover1,25.150000000000222,27.85000000000026
8,explore_point,explore_point_-4.4_-3.0,Rover1,28.40000000000027,31.100000000000307
9,explore_point,explore_point_-4.4_-2.8,Rover1,31.650000000000315,33.95000000000021
3,explore_point,explore_point_-4.4_-4.0,Rover2,0.0,34.85000000000016
10,explore_point,explore_point_-4.4_-2.6,Rover1,34.85000000000016,37.45000000000001
12,explore_point,explore_point_-4.4_-2.2,Rover1,37.99999999999998,41.49999999999978
13,explore_point,explore_point_-4.4_-2.0,Rover1,42.04999999999975,44.14999999999963
14,explore_point,explore_point_-4.4_-1.8,Rover1,44.6999999999996,47.59999999999943
15,explore_point,explore_point_-4.4_-1.6,Rover1,48.1499999999994,50.24999999999928
11,explore_point,explore_point_-4.4_-2.4,Rover2,35.40000000000013,51.34999999999922
16,explore_point,explore_point_-4.4_-1.4,Rover1,50.79999999999925,54.14999999999906
18,explore_point,explore_point_-4.4_-1.0,Rover1,54.69999999999903,58.799999999998796
19,explore_point,explore_point_-4.4_-0.8,Rover1,59.349999999998765,61.449999999998646
17,explore_point,explore_point_-4.4_-1.2,Rover2,51.89999999999919,62.499999999998586
20,explore_point,explore_point_-4.4_-0.6,Rover1,61.999999999998614,66.99999999999834
22,explore_point,explore_point_-4.4_-0.2,Rover1,67.49999999999831,72.849999999998
23,explore_point,explore_point_-4.4_0.0,Rover1,73.29999999999798,74.49999999999791
1,explore_point,explore_point_-4.4_-4.4,Rover0,0.0,114.54999999999563
21,explore_point,explore_point_-4.4_-0.4,Rover2,65.54999999999842,123.14999999999515
24,explore_point,explore_point_-4.4_0.2,Rover1,74.94999999999789,131.39999999999563
26,explore_point,explore_point_-4.4_0.6,Rover2,123.64999999999512,136.29999999999674
27,explore_point,explore_point_-4.4_0.8,Rover1,131.94999999999575,137.29999999999697
28,explore_point,explore_point_-4.4_1.0,Rover2,137.19999999999695,141.3499999999979
29,explore_point,explore_point_-4.4_1.2,Rover1,137.8499999999971,141.849999999998
30,explore_point,explore_point_-4.4_1.4,Rover2,142.2499999999981,146.09999999999897
31,explore_point,explore_point_-4.4_1.6,Rover1,142.34999999999812,147.0999999999992
32,explore_point,explore_point_-4.4_1.8,Rover2,146.99999999999918,151.15000000000012
33,explore_point,explore_point_-4.4_2.0,Rover1,147.64999999999932,151.65000000000023
34,explore_point,explore_point_-4.4_2.2,Rover2,152.05000000000032,155.9000000000012
35,explore_point,explore_point_-4.4_2.4,Rover1,152.15000000000035,156.90000000000143
37,explore_point,explore_point_-4.4_2.8,Rover1,157.45000000000155,160.7500000000023
36,explore_point,explore_point_-4.4_2.6,Rover2,156.8000000000014,161.85000000000255
38,explore_point,explore_point_-4.4_3.0,Rover1,161.30000000000243,164.05000000000305
25,explore_point,explore_point_-4.4_0.4,Rover0,114.99999999999561,165.05000000000328
39,explore_point,explore_point_-4.4_3.2,Rover2,162.40000000000268,168.80000000000413
40,explore_point,explore_point_-4.4_3.4,Rover1,164.95000000000326,170.0000000000044
42,explore_point,explore_point_-4.4_3.8,Rover2,169.35000000000426,174.50000000000543
43,explore_point,explore_point_-4.4_4.0,Rover1,170.55000000000453,175.90000000000575
44,explore_point,explore_point_-4.4_4.2,Rover2,175.05000000000555,179.6000000000066
45,explore_point,explore_point_-4.4_4.4,Rover1,176.45000000000587,181.0000000000069
41,explore_point,explore_point_-4.4_3.6,Rover0,165.6000000000034,353.65000000004613
47,explore_point,explore_point_-4.2_-4.2,Rover1,181.55000000000703,369.15000000004966
49,explore_point,explore_point_-4.2_-3.8,Rover1,369.7000000000498,371.80000000005026
50,explore_point,explore_point_-4.2_-3.6,Rover1,372.3500000000504,375.050000000051
51,explore_point,explore_point_-4.2_-3.4,Rover1,375.6000000000511,378.30000000005174
52,explore_point,explore_point_-4.2_-3.2,Rover1,378.85000000005186,381.5500000000525
53,explore_point,explore_point_-4.2_-3.0,Rover1,382.1000000000526,384.8000000000532
46,explore_point,explore_point_-4.2_-4.4,Rover2,180.1500000000067,386.5000000000536
54,explore_point,explore_point_-4.2_-2.8,Rover1,385.35000000005334,388.10000000005397
56,explore_point,explore_point_-4.2_-2.4,Rover1,388.6500000000541,392.750000000055
57,explore_point,explore_point_-4.2_-2.2,Rover1,393.30000000005515,395.6000000000557
58,explore_point,explore_point_-4.2_-2.0,Rover1,396.1500000000558,398.2500000000563
55,explore_point,explore_point_-4.2_-2.6,Rover2,387.0500000000537,400.75000000005684
59,explore_point,explore_point_-4.2_-1.8,Rover1,398.8000000000564,401.75000000005707
61,explore_point,explore_point_-4.2_-1.4,Rover1,402.3000000000572,406.00000000005804
62,explore_point,explore_point_-4.2_-1.2,Rover1,406.45000000005814,407.6500000000584
63,explore_point,explore_point_-4.2_-1.0,Rover1,408.1000000000585,613.4499999999898
64,explore_point,explore_point_-4.2_-0.8,Rover1,613.9999999999893,616.4499999999871
60,explore_point,explore_point_-4.2_-1.6,Rover2,401.65000000005705,616.8499999999867
65,explore_point,explore_point_-4.2_-0.6,Rover1,617.3499999999863,619.3999999999844
48,explore_point,explore_point_-4.2_-4.0,Rover0,354.20000000004626,621.1999999999828
67,explore_point,explore_point_-4.2_-0.2,Rover1,619.9499999999839,624.6999999999796
69,explore_point,explore_point_-4.2_0.2,Rover1,625.2499999999791,629.0999999999756
66,explore_point,explore_point_-4.2_-0.4,Rover2,617.3499999999863,629.4999999999752
70,explore_point,explore_point_-4.2_0.4,Rover1,629.9999999999748,632.2499999999727
72,explore_point,explore_point_-4.2_0.8,Rover1,632.7999999999722,636.6999999999687
71,explore_point,explore_point_-4.2_0.6,Rover2,629.9999999999748,638.7999999999668
73,explore_point,explore_point_-4.2_1.0,Rover1,637.2499999999682,639.9999999999657
75,explore_point,explore_point_-4.2_1.4,Rover1,640.5499999999652,644.4499999999616
74,explore_point,explore_point_-4.2_1.2,Rover2,639.3499999999663,645.3499999999608
76,explore_point,explore_point_-4.2_1.6,Rover1,645.3499999999608,648.3499999999581
77,explore_point,explore_point_-4.2_1.8,Rover2,645.8999999999603,651.0499999999556
78,explore_point,explore_point_-4.2_2.0,Rover1,648.8999999999576,653.0499999999538
68,explore_point,explore_point_-4.2_0.0,Rover0,621.7499999999823,655.6499999999514
79,explore_point,explore_point_-4.2_2.2,Rover2,651.5999999999551,656.9999999999502
80,explore_point,explore_point_-4.2_2.4,Rover1,653.5999999999533,658.1999999999491
82,explore_point,explore_point_-4.2_2.8,Rover2,657.5499999999497,663.2999999999445
83,explore_point,explore_point_-4.2_3.0,Rover1,658.7499999999486,664.6999999999432
84,explore_point,explore_point_-4.2_3.2,Rover2,663.849999999944,668.3999999999398
85,explore_point,explore_point_-4.2_3.4,Rover1,665.2499999999427,669.3999999999389
86,explore_point,explore_point_-4.2_3.6,Rover2,669.299999999939,673.0999999999356
87,explore_point,explore_point_-4.2_3.8,Rover1,669.9499999999384,676.5499999999324
88,explore_point,explore_point_-4.2_4.0,Rover2,673.9499999999348,684.8499999999249
89,explore_point,explore_point_-4.2_4.2,Rover1,682.0999999999274,685.7499999999241
90,explore_point,explore_point_-4.2_4.4,Rover2,685.6999999999241,688.6999999999214
81,explore_point,explore_point_-4.2_2.6,Rover0,656.1999999999509,868.8999999997575
91,explore_point,explore_point_-4.0_-4.4,Rover1,686.2499999999236,1077.6999999995676
92,explore_point,explore_point_-4.0_-4.2,Rover2,689.1999999999209,1078.5999999995668
93,explore_point,explore_point_-4.0_-4.0,Rover0,869.449999999757,1079.549999999566
95,explore_point,explore_point_-4.0_-3.6,Rover2,1079.499999999566,1083.0999999995627
96,explore_point,explore_point_-4.0_-3.4,Rover0,1080.0999999995654,1084.5999999995613
94,explore_point,explore_point_-4.0_-3.8,Rover1,1078.5999999995668,1084.999999999561
98,explore_point,explore_point_-4.0_-3.0,Rover0,1085.4999999995605,1088.7499999995575
97,explore_point,explore_point_-4.0_-3.2,Rover2,1083.6499999995622,1090.0999999995563
99,explore_point,explore_point_-4.0_-2.8,Rover1,1085.4999999995605,1093.699999999553
100,explore_point,explore_point_-4.0_-2.6,Rover0,1089.299999999557,1095.0999999995518
101,explore_point,explore_point_-4.0_-2.4,Rover2,1090.6499999995558,1097.6499999995494
102,explore_point,explore_point_-4.0_-2.2,Rover1,1094.2499999995525,1100.0499999995473
103,explore_point,explore_point_-4.0_-2.0,Rover0,1095.6499999995513,1102.649999999545
104,explore_point,explore_point_-4.0_-1.8,Rover2,1098.199999999549,1104.799999999543
105,explore_point,explore_point_-4.0_-1.6,Rover1,1100.5999999995468,1107.5999999995404
106,explore_point,explore_point_-4.0_-1.4,Rover0,1103.1999999995444,1109.7999999995384
107,explore_point,explore_point_-4.0_-1.2,Rover2,1105.3499999995424,1111.7499999995366
108,explore_point,explore_point_-4.0_-1.0,Rover1,1108.14999999954,1114.549999999534
109,explore_point,explore_point_-4.0_-0.8,Rover0,1110.3499999995379,1116.749999999532
110,explore_point,explore_point_-4.0_-0.6,Rover2,1112.299999999536,1119.2999999995297
111,explore_point,explore_point_-4.0_-0.4,Rover1,1115.0999999995336,1121.4999999995277
112,explore_point,explore_point_-4.0_-0.2,Rover0,1117.2999999995316,1123.6999999995257
113,explore_point,explore_point_-4.0_0.0,Rover2,1119.8499999995292,1126.8499999995229
114,explore_point,explore_point_-4.0_0.2,Rover1,1122.0499999995272,1128.6499999995212
115,explore_point,explore_point_-4.0_0.4,Rover0,1124.2499999995252,1130.04999999952
116,explore_point,explore_point_-4.0_0.6,Rover2,1127.3999999995224,1323.8999999993437
117,explore_point,explore_point_-4.0_0.8,Rover1,1129.1999999995207,1325.699999999342
118,explore_point,explore_point_-4.0_1.0,Rover0,1130.5999999995195,1329.4999999993386
119,explore_point,explore_point_-4.0_1.2,Rover2,1324.4499999993432,1330.8499999993373
120,explore_point,explore_point_-4.0_1.4,Rover1,1326.2499999993415,1332.6499999993357
121,explore_point,explore_point_-4.0_1.6,Rover0,1330.049999999338,1335.2499999993333
122,explore_point,explore_point_-4.0_1.8,Rover2,1331.3999999993368,1337.9999999993308
123,explore_point,explore_point_-4.0_2.0,Rover1,1333.1999999993352,1340.1999999993288
124,explore_point,explore_point_-4.0_2.2,Rover0,1335.7999999993328,1342.7999999993265
125,explore_point,explore_point_-4.0_2.4,Rover2,1338.5499999993303,1345.549999999324
126,explore_point,explore_point_-4.0_2.6,Rover1,1340.7499999993283,1347.1499999993225
127,explore_point,explore_point_-4.0_2.8,Rover0,1343.349999999326,1349.1499999993207
128,explore_point,explore_point_-4.0_3.0,Rover2,1346.0999999993235,1351.8999999993182
129,explore_point,explore_point_-4.0_3.2,Rover1,1347.699999999322,1353.4999999993167
130,explore_point,explore_point_-4.0_3.4,Rover0,1349.6999999993202,1356.0999999993144
131,explore_point,explore_point_-4.0_3.6,Rover2,1352.4499999993177,1358.8499999993119
132,explore_point,explore_point_-4.0_3.8,Rover1,1354.0499999993162,1360.4499999993104
133,explore_point,explore_point_-4.0_4.0,Rover0,1356.6499999993139,1362.4499999993086
134,explore_point,explore_point_-4.0_4.2,Rover2,1359.3999999993114,1365.199999999306
135,explore_point,explore_point_-4.0_4.4,Rover1,1360.99999999931,1367.399999999304
136,explore_point,explore_point_-3.8_-4.4,Rover0,1362.999999999308,1586.6499999991047
139,explore_point,explore_point_-3.8_-3.8,Rover0,1587.1999999991042,1591.0499999991007
137,explore_point,explore_point_-3.8_-4.2,Rover2,1365.7499999993056,1591.4999999991003
138,explore_point,explore_point_-3.8_-4.0,Rover1,1367.9499999993036,1593.6499999990983
140,explore_point,explore_point_-3.8_-3.6,Rover0,1591.9499999990999,1594.8499999990972
141,explore_point,explore_point_-3.8_-3.4,Rover2,1591.9999999990998,1598.399999999094
142,explore_point,explore_point_-3.8_-3.2,Rover1,1594.1999999990978,1599.9999999990926
143,explore_point,explore_point_-3.8_-3.0,Rover0,1595.3999999990967,1601.799999999091
144,explore_point,explore_point_-3.8_-2.8,Rover2,1598.9499999990935,1605.3499999990877
146,explore_point,explore_point_-3.8_-2.4,Rover0,1602.3499999990904,1607.8499999990854
145,explore_point,explore_point_-3.8_-2.6,Rover1,1600.549999999092,1608.249999999085
148,explore_point,explore_point_-3.8_-2.0,Rover0,1608.7499999990846,1612.599999999081
147,explore_point,explore_point_-3.8_-2.2,Rover2,1605.8999999990872,1740.8499999989644
149,explore_point,explore_point_-3.8_-1.8,Rover1,1608.7499999990846,1742.449999998963
150,explore_point,explore_point_-3.8_-1.6,Rover0,1613.0999999990806,1744.649999998961
151,explore_point,explore_point_-3.8_-1.4,Rover2,1741.399999998964,1748.999999998957
152,explore_point,explore_point_-3.8_-1.2,Rover1,1742.9999999989625,1749.9999999989561
153,explore_point,explore_point_-3.8_-1.0,Rover0,1745.1999999989605,1751.5999999989547
154,explore_point,explore_point_-3.8_-0.8,Rover2,1749.8999999989562,1755.8999999989508
155,explore_point,explore_point_-3.8_-0.6,Rover1,1750.5499999989556,1756.3999999989503
156,explore_point,explore_point_-3.8_-0.4,Rover0,1752.1499999989542,1759.7499999989473
157,explore_point,explore_point_-3.8_-0.2,Rover2,1756.79999999895,1761.8999999989453
158,explore_point,explore_point_-3.8_0.0,Rover1,1756.8999999989499,1764.0999999989433
159,explore_point,explore_point_-3.8_0.2,Rover0,1760.2999999989468,1766.2999999989413
160,explore_point,explore_point_-3.8_0.4,Rover2,1762.4499999989448,1769.4499999989384
161,explore_point,explore_point_-3.8_0.6,Rover1,1764.6499999989428,1771.049999998937
162,explore_point,explore_point_-3.8_0.8,Rover0,1766.8499999989408,1773.8499999989344
163,explore_point,explore_point_-3.8_1.0,Rover2,1769.999999998938,1776.3999999989321
164,explore_point,explore_point_-3.8_1.2,Rover1,1771.5999999989365,1778.5999999989301
165,explore_point,explore_point_-3.8_1.4,Rover0,1774.399999998934,1780.7999999989281
166,explore_point,explore_point_-3.8_1.6,Rover2,1776.9499999989316,1782.9499999989262
167,explore_point,explore_point_-3.8_1.8,Rover1,1779.1499999989296,1786.1499999989232
169,explore_point,explore_point_-3.8_2.2,Rover2,1783.4999999989257,1788.699999998921
170,explore_point,explore_point_-3.8_2.4,Rover1,1786.6999999989227,1790.9499999989189
172,explore_point,explore_point_-3.8_2.8,Rover1,1791.4499999989184,1794.3499999989158
173,explore_point,explore_point_-3.8_3.0,Rover1,1794.7999999989154,1796.299999998914
168,explore_point,explore_point_-3.8_2.0,Rover0,1781.3499999989276,1904.8499999988153
174,explore_point,explore_point_-3.8_3.2,Rover1,1796.7499999989136,1910.69999999881
171,explore_point,explore_point_-3.8_2.6,Rover2,1789.1999999989205,1916.5499999988047
176,explore_point,explore_point_-3.8_3.6,Rover1,1916.9999999988042,1921.0499999988006
178,explore_point,explore_point_-3.8_4.0,Rover1,1921.5999999988,1924.899999998797
177,explore_point,explore_point_-3.8_3.8,Rover2,1916.9999999988042,1927.5999999987946
175,explore_point,explore_point_-3.8_3.4,Rover0,1916.9999999988042,1929.0999999987932
179,explore_point,explore_point_-3.8_4.2,Rover1,1925.4499999987966,1929.4999999987929
180,explore_point,explore_point_-3.8_4.4,Rover2,1928.149999998794,1933.9499999987888
182,explore_point,explore_point_-3.6_-4.2,Rover1,1929.9999999987924,2123.7999999989606
181,explore_point,explore_point_-3.6_-4.4,Rover0,1929.9999999987924,2124.2999999989624
184,explore_point,explore_point_-3.6_-3.8,Rover1,2124.699999998964,2126.7499999989714
185,explore_point,explore_point_-3.6_-3.6,Rover0,2124.7999999989643,2130.8999999989865
183,explore_point,explore_point_-3.6_-4.0,Rover2,1934.4999999987883,2131.6999999989894
186,explore_point,explore_point_-3.6_-3.4,Rover1,2127.2999999989734,2132.149999998991
187,explore_point,explore_point_-3.6_-3.2,Rover0,2132.149999998991,2136.299999999006
189,explore_point,explore_point_-3.6_-2.8,Rover1,2132.649999998993,2138.3999999990137
188,explore_point,explore_point_-3.6_-3.0,Rover2,2132.5499999989925,2140.09999999902
191,explore_point,explore_point_-3.6_-2.4,Rover1,2138.9499999990157,2143.099999999031
190,explore_point,explore_point_-3.6_-2.6,Rover0,2136.849999999008,2144.499999999036
193,explore_point,explore_point_-3.6_-2.0,Rover1,2143.649999999033,2147.599999999047
192,explore_point,explore_point_-3.6_-2.2,Rover2,2140.649999999022,2148.899999999052
195,explore_point,explore_point_-3.6_-1.6,Rover1,2148.149999999049,2152.2999999990643
194,explore_point,explore_point_-3.6_-1.8,Rover0,2145.049999999038,2153.299999999068
197,explore_point,explore_point_-3.6_-1.2,Rover1,2153.1999999990676,2156.7999999990807
196,explore_point,explore_point_-3.6_-1.4,Rover2,2149.449999999054,2157.699999999084
198,explore_point,explore_point_-3.6_-1.0,Rover0,2153.84999999907,2161.049999999096
199,explore_point,explore_point_-3.6_-0.8,Rover1,2157.699999999084,2162.5499999991016
200,explore_point,explore_point_-3.6_-0.6,Rover2,2158.249999999086,2166.3999999991156
203,explore_point,explore_point_-3.6_0.0,Rover2,2166.8499999991172,2169.6499999991274
201,explore_point,explore_point_-3.6_-0.4,Rover0,2161.599999999098,2295.699999999586
202,explore_point,explore_point_-3.6_-0.2,Rover1,2163.0999999991036,2296.9999999995907
204,explore_point,explore_point_-3.6_0.2,Rover2,2170.099999999129,2298.2999999995955
207,explore_point,explore_point_-3.6_0.8,Rover2,2298.8499999995975,2303.5499999996146
205,explore_point,explore_point_-3.6_0.4,Rover0,2296.249999999588,2304.499999999618
206,explore_point,explore_point_-3.6_0.6,Rover1,2297.5499999995927,2305.9999999996235
208,explore_point,explore_point_-3.6_1.0,Rover2,2304.449999999618,2307.499999999629
211,explore_point,explore_point_-3.6_1.6,Rover2,2308.049999999631,2313.4499999996506
209,explore_point,explore_point_-3.6_1.2,Rover0,2305.04999999962,2313.899999999652
210,explore_point,explore_point_-3.6_1.4,Rover1,2306.5499999996255,2314.2999999996537
212,explore_point,explore_point_-3.6_1.8,Rover2,2314.699999999655,2316.6999999996624
213,explore_point,explore_point_-3.6_2.0,Rover0,2314.7499999996553,2321.049999999678
214,explore_point,explore_point_-3.6_2.2,Rover1,2314.7499999996553,2322.349999999683
215,explore_point,explore_point_-3.6_2.4,Rover2,2317.2499999996644,2325.4499999996942
217,explore_point,explore_point_-3.6_2.8,Rover1,2322.899999999685,2328.399999999705
216,explore_point,explore_point_-3.6_2.6,Rover0,2321.59999999968,2328.899999999707
218,explore_point,explore_point_-3.6_3.0,Rover2,2325.9999999996962,2332.9999999997217
219,explore_point,explore_point_-3.6_3.2,Rover1,2329.2999999997082,2334.5999999997275
220,explore_point,explore_point_-3.6_3.4,Rover0,2329.3999999997086,2336.9999999997362
221,explore_point,explore_point_-3.6_3.6,Rover2,2333.5499999997237,2338.9499999997433
222,explore_point,explore_point_-3.6_3.8,Rover1,2335.1499999997295,2341.549999999753
223,explore_point,explore_point_-3.6_4.0,Rover0,2337.5499999997382,2344.5499999997637
224,explore_point,explore_point_-3.6_4.2,Rover2,2339.4999999997453,2346.499999999771
225,explore_point,explore_point_-3.6_4.4,Rover1,2342.099999999755,2348.499999999778
227,explore_point,explore_point_-3.4_-4.2,Rover2,2347.049999999773,2537.7000000004664
229,explore_point,explore_point_-3.4_-3.8,Rover2,2538.2500000004684,2539.9500000004746
230,explore_point,explore_point_-3.4_-3.6,Rover2,2540.5000000004766,2542.800000000485
226,explore_point,explore_point_-3.4_-4.4,Rover0,2345.0999999997657,2545.350000000494
231,explore_point,explore_point_-3.4_-3.4,Rover2,2543.350000000487,2546.3000000004977
233,explore_point,explore_point_-3.4_-3.0,Rover2,2546.8500000004997,2549.75000000051
234,explore_point,explore_point_-3.4_-2.8,Rover2,2550.250000000512,2697.4500000010476
232,explore_point,explore_point_-3.4_-3.2,Rover0,2546.2500000004975,2698.400000001051
228,explore_point,explore_point_-3.4_-4.0,Rover1,2349.04999999978,2699.9000000010565
235,explore_point,explore_point_-3.4_-2.6,Rover2,2698.350000001051,2702.000000001064
236,explore_point,explore_point_-3.4_-2.4,Rover0,2698.950000001053,2707.500000001084
238,explore_point,explore_point_-3.4_-2.0,Rover2,2702.550000001066,2707.9500000010858
240,explore_point,explore_point_-3.4_-1.6,Rover2,2708.4500000010876,2712.950000001104
237,explore_point,explore_point_-3.4_-2.2,Rover1,2700.4500000010585,2715.500000001113
239,explore_point,explore_point_-3.4_-1.8,Rover0,2708.4000000010874,2716.000000001115
241,explore_point,explore_point_-3.4_-1.4,Rover2,2713.500000001106,2717.100000001119
244,explore_point,explore_point_-3.4_-0.8,Rover2,2717.650000001121,2722.350000001138
243,explore_point,explore_point_-3.4_-1.0,Rover0,2716.500000001117,2724.7000000011467
245,explore_point,explore_point_-3.4_-0.6,Rover2,2722.90000000114,2725.850000001151
242,explore_point,explore_point_-3.4_-1.2,Rover1,2716.4000000011165,2727.0500000011552
247,explore_point,explore_point_-3.4_-0.2,Rover2,2726.400000001153,2730.3500000011672
246,explore_point,explore_point_-3.4_-0.4,Rover0,2725.2500000011487,2732.3000000011743
249,explore_point,explore_point_-3.4_0.2,Rover2,2730.9000000011692,2735.0500000011843
248,explore_point,explore_point_-3.4_0.0,Rover1,2727.6000000011572,2739.8000000012016
250,explore_point,explore_point_-3.4_0.4,Rover0,2732.8500000011763,2740.3000000012034
251,explore_point,explore_point_-3.4_0.6,Rover2,2735.6000000011863,2741.600000001208
252,explore_point,explore_point_-3.4_0.8,Rover1,2740.700000001205,2746.4000000012256
254,explore_point,explore_point_-3.4_1.2,Rover2,2742.15000000121,2747.65000000123
253,explore_point,explore_point_-3.4_1.0,Rover0,2740.8000000012053,2748.100000001232
256,explore_point,explore_point_-3.4_1.6,Rover2,2748.5500000012335,2753.0000000012496
255,explore_point,explore_point_-3.4_1.4,Rover1,2747.65000000123,2754.6000000012555
257,explore_point,explore_point_-3.4_1.8,Rover0,2748.6000000012336,2755.600000001259
258,explore_point,explore_point_-3.4_2.0,Rover2,2753.5500000012516,2758.7000000012704
261,explore_point,explore_point_-3.4_2.6,Rover2,2759.150000001272,2899.5000000017826
260,explore_point,explore_point_-3.4_2.4,Rover0,2756.150000001261,2901.0500000017882
259,explore_point,explore_point_-3.4_2.2,Rover1,2755.5000000012587,2902.1500000017923
262,explore_point,explore_point_-3.4_2.8,Rover2,2900.0500000017846,2903.450000001797
263,explore_point,explore_point_-3.4_3.0,Rover0,2901.6000000017902,2907.4000000018113
265,explore_point,explore_point_-3.4_3.4,Rover2,2904.000000001799,2909.3500000018184
264,explore_point,explore_point_-3.4_3.2,Rover1,2902.7000000017943,2912.1500000018286
267,explore_point,explore_point_-3.4_3.8,Rover2,2909.9000000018204,2914.8000000018383
266,explore_point,explore_point_-3.4_3.6,Rover0,2907.9500000018134,2915.25000000184
269,explore_point,explore_point_-3.4_4.2,Rover2,2915.7000000018415,2919.150000001854
268,explore_point,explore_point_-3.4_4.0,Rover1,2912.7000000018306,2920.9500000018606
270,explore_point,explore_point_-3.4_4.4,Rover0,2915.7500000018417,2923.55000000187
271,explore_point,explore_point_-3.2_-4.4,Rover2,2919.700000001856,3118.70000000258
274,explore_point,explore_point_-3.2_-3.8,Rover2,3119.250000002582,3122.750000002595
273,explore_point,explore_point_-3.2_-4.0,Rover0,2924.100000001872,3125.1000000026033
275,explore_point,explore_point_-3.2_-3.6,Rover2,3123.300000002597,3126.8500000026097
272,explore_point,explore_point_-3.2_-4.2,Rover1,2921.5000000018626,3130.4000000026226
276,explore_point,explore_point_-3.2_-3.4,Rover0,3125.6500000026053,3130.9000000026244
277,explore_point,explore_point_-3.2_-3.2,Rover2,3127.4000000026117,3132.8000000026314
279,explore_point,explore_point_-3.2_-2.8,Rover0,3131.4000000026263,3137.150000002647
280,explore_point,explore_point_-3.2_-2.6,Rover2,3133.3500000026334,3139.1000000026543
278,explore_point,explore_point_-3.2_-3.0,Rover1,3131.300000002626,3140.70000000266
281,explore_point,explore_point_-3.2_-2.4,Rover0,3137.700000002649,3142.900000002668
282,explore_point,explore_point_-3.2_-2.2,Rover2,3139.6500000026563,3144.850000002675
284,explore_point,explore_point_-3.2_-1.8,Rover0,3143.45000000267,3149.200000002691
283,explore_point,explore_point_-3.2_-2.0,Rover1,3141.250000002662,3150.300000002695
285,explore_point,explore_point_-3.2_-1.6,Rover2,3145.400000002677,3151.8000000027005
286,explore_point,explore_point_-3.2_-1.4,Rover0,3149.750000002693,3154.950000002712
288,explore_point,explore_point_-3.2_-1.0,Rover2,3152.3500000027025,3157.700000002722
290,explore_point,explore_point_-3.2_-0.6,Rover2,3158.250000002724,3160.500000002732
291,explore_point,explore_point_-3.2_-0.4,Rover2,3160.9500000027338,3162.2500000027385
292,explore_point,explore_point_-3.2_-0.2,Rover2,3162.70000000274,3163.9000000027445
293,explore_point,explore_point_-3.2_0.0,Rover2,3164.350000002746,3165.8500000027516
294,explore_point,explore_point_-3.2_0.2,Rover2,3166.300000002753,3167.8000000027587
295,explore_point,explore_point_-3.2_0.4,Rover2,3168.2500000027603,3169.4500000027647
296,explore_point,explore_point_-3.2_0.6,Rover2,3169.9000000027663,3309.5500000032744
287,explore_point,explore_point_-3.2_-1.2,Rover1,3150.850000002697,3310.050000003276
289,explore_point,explore_point_-3.2_-0.8,Rover0,3155.500000002714,3312.200000003284
297,explore_point,explore_point_-3.2_0.8,Rover2,3310.4500000032776,3313.350000003288
300,explore_point,explore_point_-3.2_1.4,Rover2,3313.90000000329,3319.600000003311
301,explore_point,explore_point_-3.2_1.6,Rover2,3320.150000003313,3322.2500000033206
302,explore_point,explore_point_-3.2_1.8,Rover2,3322.8000000033226,3325.700000003333
303,explore_point,explore_point_-3.2_2.0,Rover2,3326.250000003335,3328.700000003344
298,explore_point,explore_point_-3.2_1.0,Rover1,3310.550000003278,3329.200000003346
299,explore_point,explore_point_-3.2_1.2,Rover0,3312.750000003286,3330.950000003352
304,explore_point,explore_point_-3.2_2.2,Rover2,3329.6000000033473,3333.10000000336
307,explore_point,explore_point_-3.2_2.8,Rover2,3333.650000003362,3338.350000003379
305,explore_point,explore_point_-3.2_2.4,Rover1,3329.7000000033477,3341.30000000339
308,explore_point,explore_point_-3.2_3.0,Rover2,3338.900000003381,3341.7000000033913
306,explore_point,explore_point_-3.2_2.6,Rover0,3331.500000003354,3343.6000000033982
310,explore_point,explore_point_-3.2_3.4,Rover2,3342.200000003393,3346.1500000034075
309,explore_point,explore_point_-3.2_3.2,Rover1,3342.200000003393,3349.7500000034206
312,explore_point,explore_point_-3.2_3.8,Rover2,3346.7000000034095,3351.250000003426
311,explore_point,explore_point_-3.2_3.6,Rover0,3344.1500000034002,3353.8000000034353
314,explore_point,explore_point_-3.2_4.2,Rover2,3351.800000003428,3356.3500000034446
313,explore_point,explore_point_-3.2_4.0,Rover1,3350.3000000034226,3359.750000003457
315,explore_point,explore_point_-3.2_4.4,Rover0,3354.3500000034373,3361.950000003465
316,explore_point,explore_point_-3.0_-4.4,Rover2,3356.9000000034466,3527.950000004069
319,explore_point,explore_point_-3.0_-3.8,Rover2,3528.500000004071,3531.800000004083
320,explore_point,explore_point_-3.0_-3.6,Rover2,3532.350000004085,3535.650000004097
321,explore_point,explore_point_-3.0_-3.4,Rover2,3536.200000004099,3538.3000000041066
322,explore_point,explore_point_-3.0_-3.2,Rover2,3538.8500000041086,3541.5500000041184
323,explore_point,explore_point_-3.0_-3.0,Rover2,3542.1000000041204,3544.200000004128
324,explore_point,explore_point_-3.0_-2.8,Rover2,3544.75000000413,3547.45000000414
325,explore_point,explore_point_-3.0_-2.6,Rover2,3548.000000004142,3550.30000000415
326,explore_point,explore_point_-3.0_-2.4,Rover2,3550.850000004152,3552.95000000416
327,explore_point,explore_point_-3.0_-2.2,Rover2,3553.500000004162,3556.550000004173
317,explore_point,explore_point_-3.0_-4.2,Rover1,3360.300000003459,3557.0500000041748
328,explore_point,explore_point_-3.0_-2.0,Rover2,3557.450000004176,3559.5000000041837
330,explore_point,explore_point_-3.0_-1.6,Rover2,3560.0500000041857,3563.9500000042
331,explore_point,explore_point_-3.0_-1.4,Rover2,3564.500000004202,3566.6500000042097
332,explore_point,explore_point_-3.0_-1.2,Rover2,3567.1000000042113,3568.900000004218
333,explore_point,explore_point_-3.0_-1.0,Rover2,3569.3500000042195,3570.850000004225
334,explore_point,explore_point_-3.0_-0.8,Rover2,3571.3000000042266,3572.6000000042313
335,explore_point,explore_point_-3.0_-0.6,Rover2,3573.050000004233,3574.5500000042384
336,explore_point,explore_point_-3.0_-0.4,Rover2,3575.00000000424,3711.5000000047366
337,explore_point,explore_point_-3.0_-0.2,Rover2,3712.0500000047386,3714.1500000047463
338,explore_point,explore_point_-3.0_0.0,Rover2,3714.7000000047483,3717.400000004758
318,explore_point,explore_point_-3.0_-4.0,Rover0,3362.500000003467,3718.3500000047616
339,explore_point,explore_point_-3.0_0.2,Rover2,3718.3000000047614,3720.900000004771
329,explore_point,explore_point_-3.0_-1.8,Rover1,3557.5500000041766,3723.100000004779
341,explore_point,explore_point_-3.0_0.6,Rover2,3721.450000004773,3725.400000004787
343,explore_point,explore_point_-3.0_1.0,Rover2,3725.950000004789,3730.050000004804
344,explore_point,explore_point_-3.0_1.2,Rover2,3730.600000004806,3732.700000004814
345,explore_point,explore_point_-3.0_1.4,Rover2,3733.250000004816,3735.9500000048256
346,explore_point,explore_point_-3.0_1.6,Rover2,3736.5000000048276,3738.800000004836
347,explore_point,explore_point_-3.0_1.8,Rover2,3739.350000004838,3741.4500000048456
348,explore_point,explore_point_-3.0_2.0,Rover2,3742.0000000048476,3744.900000004858
342,explore_point,explore_point_-3.0_0.8,Rover1,3723.650000004781,3747.900000004869
349,explore_point,explore_point_-3.0_2.2,Rover2,3745.45000000486,3748.8000000048723
351,explore_point,explore_point_-3.0_2.6,Rover2,3749.3500000048743,3753.2500000048885
340,explore_point,explore_point_-3.0_0.4,Rover0,3718.9000000047636,3755.2000000048956
352,explore_point,explore_point_-3.0_2.8,Rover2,3753.8000000048905,3757.3500000049034
354,explore_point,explore_point_-3.0_3.2,Rover2,3757.9000000049055,3761.2000000049175
350,explore_point,explore_point_-3.0_2.4,Rover1,3748.8000000048723,3763.4000000049255
355,explore_point,explore_point_-3.0_3.4,Rover2,3761.7500000049195,3764.70000000493
357,explore_point,explore_point_-3.0_3.8,Rover2,3765.250000004932,3768.550000004944
358,explore_point,explore_point_-3.0_4.0,Rover2,3769.100000004946,3771.9000000049564
359,explore_point,explore_point_-3.0_4.2,Rover2,3772.350000004958,3773.5500000049624
360,explore_point,explore_point_-3.0_4.4,Rover2,3774.000000004964,3775.3000000049688
356,explore_point,explore_point_-3.0_3.6,Rover1,3763.9500000049275,3915.550000005479
353,explore_point,explore_point_-3.0_3.0,Rover0,3755.7500000048976,3919.5500000054935
361,explore_point,explore_point_-2.8_-4.4,Rover2,3775.7500000049704,3931.1000000055355
364,explore_point,explore_point_-2.8_-3.8,Rover2,3931.6500000055375,3935.1500000055503
365,explore_point,explore_point_-2.8_-3.6,Rover2,3935.7000000055523,3938.400000005562
366,explore_point,explore_point_-2.8_-3.4,Rover2,3938.950000005564,3941.0500000055717
367,explore_point,explore_point_-2.8_-3.2,Rover2,3941.6000000055737,3944.3000000055836
368,explore_point,explore_point_-2.8_-3.0,Rover2,3944.8500000055856,3947.150000005594
369,explore_point,explore_point_-2.8_-2.8,Rover2,3947.700000005596,3949.8000000056036
370,explore_point,explore_point_-2.8_-2.6,Rover2,3950.3500000056056,3953.0500000056154
371,explore_point,explore_point_-2.8_-2.4,Rover2,3953.6000000056174,3956.7000000056287
372,explore_point,explore_point_-2.8_-2.2,Rover2,3957.2500000056307,3959.3500000056383
373,explore_point,explore_point_-2.8_-2.0,Rover2,3959.9000000056403,3962.60000000565
374,explore_point,explore_point_-2.8_-1.8,Rover2,3963.150000005652,3965.25000000566
375,explore_point,explore_point_-2.8_-1.6,Rover2,3965.800000005662,3968.1500000056703
376,explore_point,explore_point_-2.8_-1.4,Rover2,3968.650000005672,3970.4500000056787
377,explore_point,explore_point_-2.8_-1.2,Rover2,3970.9500000056805,3973.000000005688
378,explore_point,explore_point_-2.8_-1.0,Rover2,3973.4500000056896,3974.950000005695
363,explore_point,explore_point_-2.8_-4.0,Rover0,3920.1000000054955,4126.700000006247
379,explore_point,explore_point_-2.8_-0.8,Rover2,3975.4000000056967,4128.650000006254
381,explore_point,explore_point_-2.8_-0.4,Rover2,4129.200000006256,4133.10000000627
382,explore_point,explore_point_-2.8_-0.2,Rover2,4133.650000006272,4136.7000000062835
362,explore_point,explore_point_-2.8_-4.2,Rover1,3916.100000005481,4137.200000006285
383,explore_point,explore_point_-2.8_0.0,Rover2,4137.600000006287,4139.850000006295
385,explore_point,explore_point_-2.8_0.4,Rover2,4140.400000006297,4143.90000000631
386,explore_point,explore_point_-2.8_0.6,Rover2,4144.450000006312,4146.75000000632
387,explore_point,explore_point_-2.8_0.8,Rover2,4147.300000006322,4150.600000006334
380,explore_point,explore_point_-2.8_-0.6,Rover0,4127.250000006249,4152.550000006341
388,explore_point,explore_point_-2.8_1.0,Rover2,4151.150000006336,4154.100000006347
390,explore_point,explore_point_-2.8_1.4,Rover2,4154.650000006349,4158.550000006363
391,explore_point,explore_point_-2.8_1.6,Rover2,4159.100000006365,4161.200000006373
392,explore_point,explore_point_-2.8_1.8,Rover2,4161.750000006375,4164.050000006383
393,explore_point,explore_point_-2.8_2.0,Rover2,4164.600000006385,4167.300000006395
389,explore_point,explore_point_-2.8_1.2,Rover0,4153.100000006343,4168.8500000064005
394,explore_point,explore_point_-2.8_2.2,Rover2,4167.850000006397,4170.800000006408
384,explore_point,explore_point_-2.8_0.2,Rover1,4137.700000006287,4173.8000000064185
396,explore_point,explore_point_-2.8_2.6,Rover2,4171.35000000641,4175.900000006426
398,explore_point,explore_point_-2.8_3.0,Rover2,4176.450000006428,4179.3000000064385
399,explore_point,explore_point_-2.8_3.2,Rover2,4179.80000000644,4181.050000006445
400,explore_point,explore_point_-2.8_3.4,Rover2,4181.5000000064465,4183.000000006452
401,explore_point,explore_point_-2.8_3.6,Rover2,4183.450000006454,4185.050000006459
402,explore_point,explore_point_-2.8_3.8,Rover2,4185.500000006461,4186.800000006466
403,explore_point,explore_point_-2.8_4.0,Rover2,4187.250000006467,4188.550000006472
404,explore_point,explore_point_-2.8_4.2,Rover2,4295.15000000686,4297.80000000687
395,explore_point,explore_point_-2.8_2.4,Rover0,4169.4000000064025,4298.250000006871
405,explore_point,explore_point_-2.8_4.4,Rover2,4298.700000006873,4300.950000006881
397,explore_point,explore_point_-2.8_2.8,Rover1,4174.3500000064205,4309.750000006913
406,explore_point,explore_point_-2.6_-4.4,Rover0,4298.750000006873,4509.55000000764
409,explore_point,explore_point_-2.6_-3.8,Rover0,4510.100000007642,4514.600000007658
410,explore_point,explore_point_-2.6_-3.6,Rover0,4515.15000000766,4517.250000007668
411,explore_point,explore_point_-2.6_-3.4,Rover0,4517.80000000767,4520.7000000076805
408,explore_point,explore_point_-2.6_-4.0,Rover1,4310.300000006915,4522.600000007687
407,explore_point,explore_point_-2.6_-4.2,Rover2,4301.500000006883,4524.450000007694
412,explore_point,explore_point_-2.6_-3.2,Rover0,4521.2500000076825,4524.900000007696
413,explore_point,explore_point_-2.6_-3.0,Rover1,4523.150000007689,4530.350000007716
415,explore_point,explore_point_-2.6_-2.6,Rover0,4525.400000007698,4531.750000007721
414,explore_point,explore_point_-2.6_-2.8,Rover2,4525.350000007697,4534.700000007731
417,explore_point,explore_point_-2.6_-2.2,Rover0,4532.300000007723,4535.650000007735
416,explore_point,explore_point_-2.6_-2.4,Rover1,4530.900000007718,4537.550000007742
419,explore_point,explore_point_-2.6_-1.8,Rover0,4536.200000007737,4540.750000007753
418,explore_point,explore_point_-2.6_-2.0,Rover2,4535.600000007735,4543.500000007763
420,explore_point,explore_point_-2.6_-1.6,Rover1,4538.100000007744,4546.050000007773
421,explore_point,explore_point_-2.6_-1.4,Rover0,4541.300000007755,4546.5500000077745
423,explore_point,explore_point_-2.6_-1.0,Rover1,4546.950000007776,4551.400000007792
422,explore_point,explore_point_-2.6_-1.2,Rover2,4544.050000007765,4552.3000000077955
424,explore_point,explore_point_-2.6_-0.8,Rover0,4547.050000007776,4553.6500000078
425,explore_point,explore_point_-2.6_-0.6,Rover1,4552.3000000077955,4557.150000007813
427,explore_point,explore_point_-2.6_-0.2,Rover0,4554.200000007802,4559.500000007822
428,explore_point,explore_point_-2.6_0.0,Rover1,4557.700000007815,4562.300000007832
429,explore_point,explore_point_-2.6_0.2,Rover0,4560.0000000078235,4563.700000007837
431,explore_point,explore_point_-2.6_0.6,Rover0,4564.150000007839,4565.950000007845
432,explore_point,explore_point_-2.6_0.8,Rover0,4566.400000007847,4727.200000008432
426,explore_point,explore_point_-2.6_-0.4,Rover2,4552.8500000077975,4728.750000008437
430,explore_point,explore_point_-2.6_0.4,Rover1,4562.800000007834,4729.950000008442
433,explore_point,explore_point_-2.6_1.0,Rover0,4727.750000008434,4731.150000008446
436,explore_point,explore_point_-2.6_1.6,Rover0,4731.700000008448,4736.800000008467
437,explore_point,explore_point_-2.6_1.8,Rover0,4737.350000008469,4739.650000008477
435,explore_point,explore_point_-2.6_1.4,Rover1,4730.500000008444,4740.55000000848
438,explore_point,explore_point_-2.6_2.0,Rover0,4740.55000000848,4743.15000000849
434,explore_point,explore_point_-2.6_1.2,Rover2,4729.300000008439,4744.900000008496
440,explore_point,explore_point_-2.6_2.4,Rover0,4743.700000008492,4747.650000008506
439,explore_point,explore_point_-2.6_2.2,Rover1,4741.100000008482,4749.350000008512
442,explore_point,explore_point_-2.6_2.8,Rover0,4748.200000008508,4752.950000008525
443,explore_point,explore_point_-2.6_3.0,Rover1,4749.900000008514,4756.450000008538
444,explore_point,explore_point_-2.6_3.2,Rover0,4753.500000008527,4757.450000008542
441,explore_point,explore_point_-2.6_2.6,Rover2,4745.450000008498,4760.4000000085525
446,explore_point,explore_point_-2.6_3.6,Rover0,4758.000000008544,4762.50000000856
445,explore_point,explore_point_-2.6_3.4,Rover1,4757.350000008541,4762.900000008562
448,explore_point,explore_point_-2.6_4.0,Rover0,4763.400000008563,4767.250000008577
449,explore_point,explore_point_-2.6_4.2,Rover1,4763.400000008563,4770.350000008589
447,explore_point,explore_point_-2.6_3.8,Rover2,4760.9500000085545,4772.600000008597
450,explore_point,explore_point_-2.6_4.4,Rover0,4767.800000008579,4773.0500000085985
452,explore_point,explore_point_-2.4_-4.2,Rover2,4773.5000000086,4986.850000009376
454,explore_point,explore_point_-2.4_-3.8,Rover2,4987.400000009378,4989.700000009387
455,explore_point,explore_point_-2.4_-3.6,Rover2,4990.250000009389,4992.550000009397
456,explore_point,explore_point_-2.4_-3.4,Rover2,4993.100000009399,4995.400000009407
457,explore_point,explore_point_-2.4_-3.2,Rover2,4995.950000009409,4998.650000009419
458,explore_point,explore_point_-2.4_-3.0,Rover2,4999.200000009421,5001.300000009429
453,explore_point,explore_point_-2.4_-4.0,Rover0,4773.5500000086,5004.050000009439
459,explore_point,explore_point_-2.4_-2.8,Rover2,5001.850000009431,5005.400000009444
461,explore_point,explore_point_-2.4_-2.4,Rover2,5005.8500000094455,5023.150000009508
462,explore_point,explore_point_-2.4_-2.2,Rover2,5023.60000000951,5188.40000001011
463,explore_point,explore_point_-2.4_-2.0,Rover2,5188.950000010112,5191.25000001012
451,explore_point,explore_point_-2.4_-4.4,Rover1,4770.900000008591,5194.200000010131
464,explore_point,explore_point_-2.4_-1.8,Rover2,5191.800000010122,5194.600000010132
460,explore_point,explore_point_-2.4_-2.6,Rover0,5004.600000009441,5198.700000010147
466,explore_point,explore_point_-2.4_-1.4,Rover2,5195.100000010134,5199.6500000101505
468,explore_point,explore_point_-2.4_-1.0,Rover2,5200.2000000101525,5203.700000010165
469,explore_point,explore_point_-2.4_-0.8,Rover2,5204.250000010167,5206.550000010176
470,explore_point,explore_point_-2.4_-0.6,Rover2,5207.100000010178,5209.200000010185
467,explore_point,explore_point_-2.4_-1.2,Rover0,5199.60000001015,5211.7500000101945
471,explore_point,explore_point_-2.4_-0.4,Rover2,5209.750000010187,5213.3000000102
473,explore_point,explore_point_-2.4_0.0,Rover2,5213.850000010202,5217.500000010215
465,explore_point,explore_point_-2.4_-1.6,Rover1,5195.100000010134,5218.000000010217
474,explore_point,explore_point_-2.4_0.2,Rover2,5218.400000010219,5220.650000010227
472,explore_point,explore_point_-2.4_-0.2,Rover0,5212.3000000101965,5222.400000010233
476,explore_point,explore_point_-2.4_0.6,Rover2,5221.200000010229,5225.150000010243
478,explore_point,explore_point_-2.4_1.0,Rover2,5225.700000010245,5229.6000000102595
477,explore_point,explore_point_-2.4_0.8,Rover0,5222.950000010235,5231.750000010267
479,explore_point,explore_point_-2.4_1.2,Rover2,5230.1500000102615,5232.9000000102715
475,explore_point,explore_point_-2.4_0.4,Rover1,5218.500000010219,5236.500000010285
481,explore_point,explore_point_-2.4_1.6,Rover2,5233.4500000102735,5238.00000001029
480,explore_point,explore_point_-2.4_1.4,Rover0,5232.300000010269,5239.350000010295
483,explore_point,explore_point_-2.4_2.0,Rover2,5238.550000010292,5243.700000010311
485,explore_point,explore_point_-2.4_2.4,Rover2,5244.250000010313,5246.6500000103215
486,explore_point,explore_point_-2.4_2.6,Rover2,5247.100000010323,5248.3000000103275
487,explore_point,explore_point_-2.4_2.8,Rover2,5248.750000010329,5250.550000010336
488,explore_point,explore_point_-2.4_3.0,Rover2,5251.000000010337,5252.300000010342
489,explore_point,explore_point_-2.4_3.2,Rover2,5252.750000010344,5253.950000010348
490,explore_point,explore_point_-2.4_3.4,Rover2,5254.40000001035,5255.900000010355
491,explore_point,explore_point_-2.4_3.6,Rover2,5256.350000010357,5257.550000010361
492,explore_point,explore_point_-2.4_3.8,Rover2,5258.000000010363,5259.600000010369
493,explore_point,explore_point_-2.4_4.0,Rover2,5260.05000001037,5261.250000010375
494,explore_point,explore_point_-2.4_4.2,Rover2,5261.700000010376,5263.000000010381
495,explore_point,explore_point_-2.4_4.4,Rover2,5263.450000010383,5264.750000010387
484,explore_point,explore_point_-2.4_2.2,Rover0,5239.900000010297,5408.40000001091
482,explore_point,explore_point_-2.4_1.8,Rover1,5237.050000010287,5413.100000010927
497,explore_point,explore_point_-2.2_-4.2,Rover0,5408.950000010912,5452.50000001107
498,explore_point,explore_point_-2.2_-4.0,Rover1,5413.650000010929,5453.600000011074
499,explore_point,explore_point_-2.2_-3.8,Rover0,5453.050000011072,5456.000000011083
500,explore_point,explore_point_-2.2_-3.6,Rover1,5454.150000011076,5456.850000011086
501,explore_point,explore_point_-2.2_-3.4,Rover0,5456.850000011086,5632.650000011726
502,explore_point,explore_point_-2.2_-3.2,Rover1,5457.350000011088,5634.100000011731
496,explore_point,explore_point_-2.2_-4.4,Rover2,5265.200000010389,5634.5000000117325
504,explore_point,explore_point_-2.2_-2.8,Rover1,5635.000000011734,5638.600000011747
503,explore_point,explore_point_-2.2_-3.0,Rover0,5633.200000011728,5639.100000011749
506,explore_point,explore_point_-2.2_-2.4,Rover1,5639.500000011751,5642.7500000117625
507,explore_point,explore_point_-2.2_-2.2,Rover0,5639.600000011751,5645.950000011774
508,explore_point,explore_point_-2.2_-2.0,Rover1,5643.3000000117645,5648.050000011782
505,explore_point,explore_point_-2.2_-2.6,Rover2,5635.000000011734,5649.950000011789
509,explore_point,explore_point_-2.2_-1.8,Rover0,5646.500000011776,5651.900000011796
510,explore_point,explore_point_-2.2_-1.6,Rover1,5648.600000011784,5653.800000011803
512,explore_point,explore_point_-2.2_-1.2,Rover0,5652.450000011798,5657.800000011817
513,explore_point,explore_point_-2.2_-1.0,Rover1,5654.350000011805,5659.500000011823
514,explore_point,explore_point_-2.2_-0.8,Rover0,5658.350000011819,5662.300000011834
511,explore_point,explore_point_-2.2_-1.4,Rover2,5650.500000011791,5663.6500000118385
515,explore_point,explore_point_-2.2_-0.6,Rover1,5660.050000011825,5665.8500000118465
516,explore_point,explore_point_-2.2_-0.4,Rover0,5662.850000011836,5668.650000011857
518,explore_point,explore_point_-2.2_0.0,Rover1,5666.4000000118485,5671.550000011867
519,explore_point,explore_point_-2.2_0.2,Rover0,5669.200000011859,5673.950000011876
517,explore_point,explore_point_-2.2_-0.2,Rover2,5664.2000000118405,5675.500000011882
520,explore_point,explore_point_-2.2_0.4,Rover1,5672.100000011869,5677.90000001189
521,explore_point,explore_point_-2.2_0.6,Rover0,5674.500000011878,5679.3000000118955
523,explore_point,explore_point_-2.2_1.0,Rover1,5678.450000011892,5683.600000011911
522,explore_point,explore_point_-2.2_0.8,Rover2,5676.050000011884,5685.850000011919
524,explore_point,explore_point_-2.2_1.2,Rover0,5679.8500000118975,5686.300000011921
525,explore_point,explore_point_-2.2_1.4,Rover1,5684.150000011913,5689.350000011932
527,explore_point,explore_point_-2.2_1.8,Rover0,5686.800000011923,5692.000000011942
529,explore_point,explore_point_-2.2_2.2,Rover0,5692.5000000119435,5694.40000001195
530,explore_point,explore_point_-2.2_2.4,Rover0,5694.850000011952,5696.450000011958
531,explore_point,explore_point_-2.2_2.6,Rover0,5696.9000000119595,5698.400000011965
532,explore_point,explore_point_-2.2_2.8,Rover0,5698.850000011967,5851.700000012523
533,explore_point,explore_point_-2.2_3.0,Rover0,5852.150000012524,5864.70000001257
528,explore_point,explore_point_-2.2_2.0,Rover1,5689.900000011934,5865.100000012571
526,explore_point,explore_point_-2.2_1.6,Rover2,5686.750000011923,5867.750000012581
534,explore_point,explore_point_-2.2_3.2,Rover0,5865.600000012573,5868.900000012585
537,explore_point,explore_point_-2.2_3.8,Rover0,5869.450000012587,5874.550000012606
538,explore_point,explore_point_-2.2_4.0,Rover0,5875.100000012608,5877.200000012615
535,explore_point,explore_point_-2.2_3.4,Rover1,5865.600000012573,5878.100000012619
539,explore_point,explore_point_-2.2_4.2,Rover0,5878.100000012619,5881.700000012632
536,explore_point,explore_point_-2.2_3.6,Rover2,5868.300000012583,5886.60000001265
540,explore_point,explore_point_-2.2_4.4,Rover1,5878.650000012621,5887.100000012651
541,explore_point,explore_point_-2.0_-4.4,Rover0,5882.250000012634,6098.200000013419
544,explore_point,explore_point_-2.0_-3.8,Rover0,6098.750000013421,6102.050000013433
545,explore_point,explore_point_-2.0_-3.6,Rover0,6102.600000013435,6105.300000013445
546,explore_point,explore_point_-2.0_-3.4,Rover0,6105.850000013447,6108.150000013456
542,explore_point,explore_point_-2.0_-4.2,Rover2,5887.500000012653,6111.650000013468
547,explore_point,explore_point_-2.0_-3.2,Rover0,6108.700000013458,6112.10000001347
549,explore_point,explore_point_-2.0_-2.8,Rover0,6112.600000013472,6116.500000013486
543,explore_point,explore_point_-2.0_-4.0,Rover1,5887.600000012653,6117.400000013489
550,explore_point,explore_point_-2.0_-2.6,Rover0,6117.400000013489,6120.4000000135
548,explore_point,explore_point_-2.0_-3.0,Rover2,6112.550000013472,6122.950000013509
552,explore_point,explore_point_-2.0_-2.2,Rover0,6120.950000013502,6124.900000013517
554,explore_point,explore_point_-2.0_-1.8,Rover0,6125.450000013519,6128.950000013531
551,explore_point,explore_point_-2.0_-2.4,Rover1,6117.950000013491,6130.250000013536
553,explore_point,explore_point_-2.0_-2.0,Rover2,6123.500000013511,6132.550000013544
555,explore_point,explore_point_-2.0_-1.6,Rover0,6129.500000013533,6133.500000013548
558,explore_point,explore_point_-2.0_-1.0,Rover0,6134.05000001355,6138.550000013566
556,explore_point,explore_point_-2.0_-1.4,Rover1,6130.800000013538,6140.850000013575
559,explore_point,explore_point_-2.0_-0.8,Rover0,6139.100000013568,6142.800000013582
557,explore_point,explore_point_-2.0_-1.2,Rover2,6133.450000013548,6143.250000013583
561,explore_point,explore_point_-2.0_-0.4,Rover0,6143.700000013585,6147.1500000135975
560,explore_point,explore_point_-2.0_-0.6,Rover1,6141.400000013577,6149.250000013605
562,explore_point,explore_point_-2.0_-0.2,Rover2,6143.750000013585,6152.450000013617
563,explore_point,explore_point_-2.0_0.0,Rover0,6147.7000000135995,6152.900000013618
565,explore_point,explore_point_-2.0_0.4,Rover2,6153.30000001362,6156.700000013632
566,explore_point,explore_point_-2.0_0.6,Rover0,6153.35000001362,6158.350000013638
568,explore_point,explore_point_-2.0_1.0,Rover0,6158.85000001364,6160.850000013647
569,explore_point,explore_point_-2.0_1.2,Rover0,6161.300000013649,6163.1000000136555
570,explore_point,explore_point_-2.0_1.4,Rover0,6163.550000013657,6164.7500000136615
571,explore_point,explore_point_-2.0_1.6,Rover0,6165.200000013663,6166.700000013669
572,explore_point,explore_point_-2.0_1.8,Rover0,6167.15000001367,6168.450000013675
573,explore_point,explore_point_-2.0_2.0,Rover0,6168.900000013677,6170.200000013681
574,explore_point,explore_point_-2.0_2.2,Rover0,6170.650000013683,6171.850000013687
575,explore_point,explore_point_-2.0_2.4,Rover0,6172.300000013689,6173.800000013694
567,explore_point,explore_point_-2.0_0.8,Rover2,6157.200000013634,6323.85000001424
576,explore_point,explore_point_-2.0_2.6,Rover0,6311.950000014197,6324.800000014244
564,explore_point,explore_point_-2.0_0.2,Rover1,6149.800000013607,6327.900000014255
578,explore_point,explore_point_-2.0_3.0,Rover0,6325.350000014246,6329.900000014262
580,explore_point,explore_point_-2.0_3.4,Rover0,6330.450000014264,6333.750000014276
581,explore_point,explore_point_-2.0_3.6,Rover0,6334.300000014278,6337.60000001429
582,explore_point,explore_point_-2.0_3.8,Rover0,6338.150000014292,6340.450000014301
577,explore_point,explore_point_-2.0_2.8,Rover2,6324.750000014244,6343.00000001431
583,explore_point,explore_point_-2.0_4.0,Rover0,6341.000000014303,6343.950000014313
585,explore_point,explore_point_-2.0_4.4,Rover0,6344.500000014315,6348.000000014328
579,explore_point,explore_point_-2.0_3.2,Rover1,6328.450000014257,6354.300000014351
584,explore_point,explore_point_-2.0_4.2,Rover2,6343.900000014313,6355.600000014356
587,explore_point,explore_point_-1.8_-4.2,Rover1,6354.850000014353,6575.750000015157
586,explore_point,explore_point_-1.8_-4.4,Rover0,6348.55000001433,6577.950000015165
589,explore_point,explore_point_-1.8_-3.8,Rover1,6576.300000015159,6579.2500000151695
590,explore_point,explore_point_-1.8_-3.6,Rover0,6578.500000015167,6583.6500000151855
591,explore_point,explore_point_-1.8_-3.4,Rover1,6579.8000000151715,6584.95000001519
588,explore_point,explore_point_-1.8_-4.0,Rover2,6356.150000014358,6587.450000015199
592,explore_point,explore_point_-1.8_-3.2,Rover0,6584.2000000151875,6589.750000015208
593,explore_point,explore_point_-1.8_-3.0,Rover1,6585.500000015192,6590.150000015209
596,explore_point,explore_point_-1.8_-2.4,Rover1,6590.650000015211,6595.7500000152295
594,explore_point,explore_point_-1.8_-2.8,Rover2,6588.000000015201,6597.200000015235
595,explore_point,explore_point_-1.8_-2.6,Rover0,6590.650000015211,6597.650000015236
597,explore_point,explore_point_-1.8_-2.2,Rover1,6596.3000000152315,6599.700000015244
600,explore_point,explore_point_-1.8_-1.6,Rover1,6600.250000015246,6771.650000015869
599,explore_point,explore_point_-1.8_-1.8,Rover0,6598.150000015238,6772.150000015871
601,explore_point,explore_point_-1.8_-1.4,Rover1,6772.550000015873,6775.200000015882
598,explore_point,explore_point_-1.8_-2.0,Rover2,6598.100000015238,6776.700000015888
602,explore_point,explore_point_-1.8_-1.2,Rover0,6772.650000015873,6778.650000015895
603,explore_point,explore_point_-1.8_-1.0,Rover1,6775.750000015884,6780.550000015902
605,explore_point,explore_point_-1.8_-0.6,Rover0,6779.200000015897,6785.1500000159185
606,explore_point,explore_point_-1.8_-0.4,Rover1,6781.100000015904,6786.450000015923
604,explore_point,explore_point_-1.8_-0.8,Rover2,6777.25000001589,6788.550000015931
607,explore_point,explore_point_-1.8_-0.2,Rover0,6785.7000000159205,6790.300000015937
608,explore_point,explore_point_-1.8_0.0,Rover1,6787.000000015925,6791.600000015942
610,explore_point,explore_point_-1.8_0.4,Rover0,6790.850000015939,6796.60000001596
611,explore_point,explore_point_-1.8_0.6,Rover1,6792.150000015944,6798.500000015967
609,explore_point,explore_point_-1.8_0.2,Rover2,6789.100000015933,6799.800000015972
612,explore_point,explore_point_-1.8_0.8,Rover0,6797.150000015962,6801.95000001598
613,explore_point,explore_point_-1.8_1.0,Rover1,6799.050000015969,6803.650000015986
615,explore_point,explore_point_-1.8_1.4,Rover0,6802.500000015982,6808.250000016003
616,explore_point,explore_point_-1.8_1.6,Rover1,6804.200000015988,6810.30000001601
614,explore_point,explore_point_-1.8_1.2,Rover2,6800.350000015974,6810.7000000160115
617,explore_point,explore_point_-1.8_1.8,Rover0,6808.800000016005,6813.600000016022
618,explore_point,explore_point_-1.8_2.0,Rover1,6811.200000016013,6815.70000001603
619,explore_point,explore_point_-1.8_2.2,Rover2,6811.200000016013,6819.750000016044
620,explore_point,explore_point_-1.8_2.4,Rover0,6814.150000016024,6820.200000016046
621,explore_point,explore_point_-1.8_2.6,Rover1,6816.250000016032,6822.650000016055
623,explore_point,explore_point_-1.8_3.0,Rover0,6820.700000016048,6826.050000016067
624,explore_point,explore_point_-1.8_3.2,Rover1,6823.200000016057,6827.950000016074
626,explore_point,explore_point_-1.8_3.6,Rover1,6828.450000016076,6830.800000016085
627,explore_point,explore_point_-1.8_3.8,Rover1,6831.250000016086,6832.450000016091
628,explore_point,explore_point_-1.8_4.0,Rover1,6832.900000016092,6834.500000016098
629,explore_point,explore_point_-1.8_4.2,Rover1,6834.9500000161,6941.0000000164855
622,explore_point,explore_point_-1.8_2.8,Rover2,6820.650000016048,6941.400000016487
625,explore_point,explore_point_-1.8_3.4,Rover0,6826.550000016069,6943.700000016495
630,explore_point,explore_point_-1.8_4.4,Rover1,6941.900000016489,6944.800000016499
632,explore_point,explore_point_-1.6_-4.2,Rover0,6944.250000016497,7113.600000017113
631,explore_point,explore_point_-1.6_-4.4,Rover2,6941.900000016489,7114.050000017115
634,explore_point,explore_point_-1.6_-3.8,Rover0,7114.500000017117,7117.150000017126
635,explore_point,explore_point_-1.6_-3.6,Rover2,7114.550000017117,7120.90000001714
636,explore_point,explore_point_-1.6_-3.4,Rover0,7117.700000017128,7122.450000017146
633,explore_point,explore_point_-1.6_-4.0,Rover1,6945.350000016501,7123.350000017149
637,explore_point,explore_point_-1.6_-3.2,Rover2,7121.450000017142,7126.650000017161
638,explore_point,explore_point_-1.6_-3.0,Rover0,7123.350000017149,7127.800000017165
640,explore_point,explore_point_-1.6_-2.6,Rover2,7127.200000017163,7132.350000017182
641,explore_point,explore_point_-1.6_-2.4,Rover0,7128.350000017167,7133.500000017186
639,explore_point,explore_point_-1.6_-2.8,Rover1,7123.900000017151,7134.60000001719
642,explore_point,explore_point_-1.6_-2.2,Rover2,7132.900000017184,7138.100000017203
643,explore_point,explore_point_-1.6_-2.0,Rover0,7134.050000017188,7139.250000017207
645,explore_point,explore_point_-1.6_-1.6,Rover2,7138.650000017205,7144.150000017225
646,explore_point,explore_point_-1.6_-1.4,Rover0,7139.800000017209,7146.200000017232
647,explore_point,explore_point_-1.6_-1.2,Rover2,7144.650000017226,7148.850000017242
648,explore_point,explore_point_-1.6_-1.0,Rover0,7146.700000017234,7150.700000017248
650,explore_point,explore_point_-1.6_-0.6,Rover0,7151.15000001725,7152.950000017257
644,explore_point,explore_point_-1.6_-1.8,Rover1,7135.150000017192,7257.200000017636
651,explore_point,explore_point_-1.6_-0.4,Rover0,7153.400000017258,7263.650000017659
649,explore_point,explore_point_-1.6_-0.8,Rover2,7149.3500000172435,7265.400000017666
653,explore_point,explore_point_-1.6_0.0,Rover0,7264.200000017661,7268.750000017678
655,explore_point,explore_point_-1.6_0.4,Rover0,7269.30000001768,7272.800000017693
654,explore_point,explore_point_-1.6_0.2,Rover2,7265.950000017668,7275.950000017704
656,explore_point,explore_point_-1.6_0.6,Rover0,7273.350000017695,7277.50000001771
652,explore_point,explore_point_-1.6_-0.2,Rover1,7262.800000017656,7278.400000017713
658,explore_point,explore_point_-1.6_1.0,Rover0,7278.400000017713,7282.550000017728
657,explore_point,explore_point_-1.6_0.8,Rover2,7276.500000017706,7283.00000001773
660,explore_point,explore_point_-1.6_1.4,Rover0,7283.450000017731,7287.300000017745
661,explore_point,explore_point_-1.6_1.6,Rover2,7283.5000000177315,7290.850000017758
662,explore_point,explore_point_-1.6_1.8,Rover0,7287.850000017747,7292.750000017765
659,explore_point,explore_point_-1.6_1.2,Rover1,7278.950000017715,7293.150000017767
663,explore_point,explore_point_-1.6_2.0,Rover2,7291.40000001776,7296.600000017779
664,explore_point,explore_point_-1.6_2.2,Rover0,7293.650000017768,7298.150000017785
666,explore_point,explore_point_-1.6_2.6,Rover2,7297.150000017781,7302.500000017801
665,explore_point,explore_point_-1.6_2.4,Rover1,7293.650000017768,7303.900000017806
667,explore_point,explore_point_-1.6_2.8,Rover0,7298.700000017787,7305.10000001781
668,explore_point,explore_point_-1.6_3.0,Rover2,7303.050000017803,7307.650000017819
670,explore_point,explore_point_-1.6_3.4,Rover0,7305.650000017812,7311.600000017834
671,explore_point,explore_point_-1.6_3.6,Rover2,7308.200000017821,7313.500000017841
672,explore_point,explore_point_-1.6_3.8,Rover0,7312.100000017836,7315.1000000178465
669,explore_point,explore_point_-1.6_3.2,Rover1,7304.450000017808,7422.600000018238
674,explore_point,explore_point_-1.6_4.2,Rover0,7315.550000017848,7424.000000018243
673,explore_point,explore_point_-1.6_4.0,Rover2,7314.0000000178425,7426.550000018252
675,explore_point,explore_point_-1.6_4.4,Rover1,7423.15000001824,7433.150000018276
677,explore_point,explore_point_-1.4_-4.2,Rover2,7427.100000018254,7597.850000018875
679,explore_point,explore_point_-1.4_-3.8,Rover2,7598.400000018877,7601.100000018887
680,explore_point,explore_point_-1.4_-3.6,Rover2,7601.650000018889,7604.350000018899
676,explore_point,explore_point_-1.4_-4.4,Rover0,7424.550000018245,7605.500000018903
681,explore_point,explore_point_-1.4_-3.4,Rover2,7604.900000018901,7607.650000018911
678,explore_point,explore_point_-1.4_-4.0,Rover1,7433.700000018278,7613.05000001893
683,explore_point,explore_point_-1.4_-3.0,Rover2,7608.200000018913,7613.950000018934
682,explore_point,explore_point_-1.4_-3.2,Rover0,7606.050000018905,7614.900000018937
685,explore_point,explore_point_-1.4_-2.6,Rover2,7614.850000018937,7619.050000018952
687,explore_point,explore_point_-1.4_-2.2,Rover2,7619.600000018954,7623.600000018969
686,explore_point,explore_point_-1.4_-2.4,Rover0,7615.450000018939,7624.05000001897
684,explore_point,explore_point_-1.4_-2.8,Rover1,7613.950000018934,7624.450000018972
688,explore_point,explore_point_-1.4_-2.0,Rover2,7624.850000018973,7627.450000018983
689,explore_point,explore_point_-1.4_-1.8,Rover0,7624.9000000189735,7630.600000018994
691,explore_point,explore_point_-1.4_-1.4,Rover2,7628.000000018985,7633.750000019006
693,explore_point,explore_point_-1.4_-1.0,Rover2,7634.300000019008,7636.550000019016
694,explore_point,explore_point_-1.4_-0.8,Rover2,7637.0000000190175,7638.500000019023
695,explore_point,explore_point_-1.4_-0.6,Rover2,7638.950000019025,7640.250000019029
696,explore_point,explore_point_-1.4_-0.4,Rover2,7640.700000019031,7743.6500000194055
692,explore_point,explore_point_-1.4_-1.2,Rover0,7631.150000018996,7744.80000001941
690,explore_point,explore_point_-1.4_-1.6,Rover1,7624.9000000189735,7745.900000019414
697,explore_point,explore_point_-1.4_-0.2,Rover2,7744.2000000194075,7748.800000019424
700,explore_point,explore_point_-1.4_0.4,Rover2,7749.350000019426,7753.850000019443
698,explore_point,explore_point_-1.4_0.0,Rover0,7745.350000019412,7756.00000001945
701,explore_point,explore_point_-1.4_0.6,Rover2,7754.400000019445,7757.150000019455
699,explore_point,explore_point_-1.4_0.2,Rover1,7746.450000019416,7761.35000001947
703,explore_point,explore_point_-1.4_1.0,Rover2,7757.700000019457,7762.450000019474
702,explore_point,explore_point_-1.4_0.8,Rover0,7756.550000019452,7764.8000000194825
705,explore_point,explore_point_-1.4_1.4,Rover2,7763.000000019476,7766.95000001949
704,explore_point,explore_point_-1.4_1.2,Rover1,7761.900000019472,7771.350000019506
707,explore_point,explore_point_-1.4_1.8,Rover2,7767.500000019492,7772.650000019511
706,explore_point,explore_point_-1.4_1.6,Rover0,7765.3500000194845,7773.800000019515
709,explore_point,explore_point_-1.4_2.2,Rover2,7773.200000019513,7777.150000019527
708,explore_point,explore_point_-1.4_2.0,Rover1,7771.900000019508,7779.950000019538
711,explore_point,explore_point_-1.4_2.6,Rover2,7777.700000019529,7781.8500000195445
710,explore_point,explore_point_-1.4_2.4,Rover0,7774.350000019517,7783.200000019549
713,explore_point,explore_point_-1.4_3.0,Rover2,7782.4000000195465,7786.650000019562
715,explore_point,explore_point_-1.4_3.4,Rover2,7787.150000019564,7789.400000019572
716,explore_point,explore_point_-1.4_3.6,Rover2,7789.850000019574,7791.150000019578
717,explore_point,explore_point_-1.4_3.8,Rover2,7791.60000001958,7792.800000019584
718,explore_point,explore_point_-1.4_4.0,Rover2,7793.250000019586,7794.750000019591
719,explore_point,explore_point_-1.4_4.2,Rover2,7795.200000019593,7796.800000019599
714,explore_point,explore_point_-1.4_3.2,Rover0,7783.750000019551,7901.100000019978
720,explore_point,explore_point_-1.4_4.4,Rover2,7797.2500000196005,7902.050000019982
712,explore_point,explore_point_-1.4_2.8,Rover1,7780.50000001954,7903.850000019988
723,explore_point,explore_point_-1.2_-4.0,Rover1,7904.40000001999,8065.900000020578
724,explore_point,explore_point_-1.2_-3.8,Rover1,8066.45000002058,8068.150000020586
725,explore_point,explore_point_-1.2_-3.6,Rover1,8068.700000020588,8070.2000000205935
722,explore_point,explore_point_-1.2_-4.2,Rover2,7902.600000019984,8071.700000020599
726,explore_point,explore_point_-1.2_-3.4,Rover1,8070.7500000205955,8074.100000020608
721,explore_point,explore_point_-1.2_-4.4,Rover0,7902.000000019982,8075.100000020611
728,explore_point,explore_point_-1.2_-3.0,Rover1,8075.000000020611,8078.800000020625
727,explore_point,explore_point_-1.2_-3.2,Rover2,8072.250000020601,8080.500000020631
730,explore_point,explore_point_-1.2_-2.6,Rover1,8079.350000020627,8083.300000020641
731,explore_point,explore_point_-1.2_-2.4,Rover2,8081.050000020633,8087.400000020656
732,explore_point,explore_point_-1.2_-2.2,Rover1,8083.850000020643,8088.40000002066
729,explore_point,explore_point_-1.2_-2.8,Rover0,8075.650000020613,8089.400000020663
734,explore_point,explore_point_-1.2_-1.8,Rover1,8089.300000020663,8093.100000020677
733,explore_point,explore_point_-1.2_-2.0,Rover2,8088.300000020659,8094.400000020682
736,explore_point,explore_point_-1.2_-1.4,Rover1,8093.650000020679,8097.800000020694
735,explore_point,explore_point_-1.2_-1.6,Rover0,8089.950000020665,8101.400000020707
737,explore_point,explore_point_-1.2_-1.2,Rover2,8094.950000020684,8102.550000020711
738,explore_point,explore_point_-1.2_-1.0,Rover1,8098.350000020696,8103.550000020715
740,explore_point,explore_point_-1.2_-0.6,Rover2,8103.4500000207145,8108.350000020732
742,explore_point,explore_point_-1.2_-0.2,Rover2,8108.800000020734,8110.6000000207405
741,explore_point,explore_point_-1.2_-0.4,Rover1,8104.100000020717,8200.150000020918
743,explore_point,explore_point_-1.2_0.0,Rover2,8111.050000020742,8211.950000020746
739,explore_point,explore_point_-1.2_-0.8,Rover0,8101.950000020709,8213.70000002072
745,explore_point,explore_point_-1.2_0.4,Rover2,8212.500000020738,8217.400000020667
744,explore_point,explore_point_-1.2_0.2,Rover1,8210.800000020763,8217.90000002066
747,explore_point,explore_point_-1.2_0.8,Rover2,8218.300000020654,8221.550000020607
748,explore_point,explore_point_-1.2_1.0,Rover1,8218.400000020652,8225.350000020551
749,explore_point,explore_point_-1.2_1.2,Rover2,8222.100000020599,8227.600000020519
746,explore_point,explore_point_-1.2_0.6,Rover0,8214.250000020713,8228.050000020512
750,explore_point,explore_point_-1.2_1.4,Rover1,8225.900000020543,8230.700000020473
751,explore_point,explore_point_-1.2_1.6,Rover2,8228.500000020505,8232.400000020449
753,explore_point,explore_point_-1.2_2.0,Rover1,8231.250000020465,8237.000000020382
754,explore_point,explore_point_-1.2_2.2,Rover2,8232.95000002044,8238.900000020354
752,explore_point,explore_point_-1.2_1.8,Rover0,8228.550000020505,8240.450000020332
755,explore_point,explore_point_-1.2_2.4,Rover1,8237.550000020374,8242.150000020307
756,explore_point,explore_point_-1.2_2.6,Rover2,8239.450000020346,8244.850000020268
758,explore_point,explore_point_-1.2_3.0,Rover1,8242.700000020299,8248.650000020212
757,explore_point,explore_point_-1.2_2.8,Rover0,8241.000000020324,8250.050000020192
759,explore_point,explore_point_-1.2_3.2,Rover2,8245.40000002026,8251.400000020172
760,explore_point,explore_point_-1.2_3.4,Rover1,8249.200000020204,8255.00000002012
761,explore_point,explore_point_-1.2_3.6,Rover0,8250.600000020184,8257.350000020086
763,explore_point,explore_point_-1.2_4.0,Rover1,8255.550000020112,8260.250000020043
765,explore_point,explore_point_-1.2_4.4,Rover1,8260.700000020037,8262.50000002001
762,explore_point,explore_point_-1.2_3.8,Rover2,8251.950000020164,8373.500000018395
764,explore_point,explore_point_-1.2_4.2,Rover0,8257.850000020078,8375.25000001837
767,explore_point,explore_point_-1.0_-4.2,Rover2,8374.050000018387,8539.45000001598
768,explore_point,explore_point_-1.0_-4.0,Rover0,8375.800000018362,8540.400000015967
769,explore_point,explore_point_-1.0_-3.8,Rover2,8540.350000015967,8543.300000015925
770,explore_point,explore_point_-1.0_-3.6,Rover0,8540.950000015959,8543.750000015918
771,explore_point,explore_point_-1.0_-3.4,Rover2,8544.200000015911,8547.800000015859
766,explore_point,explore_point_-1.0_-4.4,Rover1,8262.950000020004,8548.300000015852
772,explore_point,explore_point_-1.0_-3.2,Rover0,8544.25000001591,8550.650000015818
773,explore_point,explore_point_-1.0_-3.0,Rover2,8548.700000015846,8553.20000001578
775,explore_point,explore_point_-1.0_-2.6,Rover0,8551.20000001581,8556.950000015726
776,explore_point,explore_point_-1.0_-2.4,Rover2,8553.750000015772,8560.10000001568
777,explore_point,explore_point_-1.0_-2.2,Rover0,8557.500000015718,8561.45000001566
774,explore_point,explore_point_-1.0_-2.8,Rover1,8548.800000015844,8563.150000015636
778,explore_point,explore_point_-1.0_-2.0,Rover2,8560.650000015672,8565.250000015605
779,explore_point,explore_point_-1.0_-1.8,Rover0,8562.000000015652,8567.200000015577
781,explore_point,explore_point_-1.0_-1.4,Rover2,8565.800000015597,8571.550000015513
782,explore_point,explore_point_-1.0_-1.2,Rover0,8567.750000015569,8573.700000015482
783,explore_point,explore_point_-1.0_-1.0,Rover2,8572.100000015505,8576.150000015446
785,explore_point,explore_point_-1.0_-0.6,Rover2,8576.65000001544,8578.750000015409
786,explore_point,explore_point_-1.0_-0.4,Rover2,8579.200000015402,8580.500000015383
787,explore_point,explore_point_-1.0_-0.2,Rover2,8580.950000015377,8688.000000013819
784,explore_point,explore_point_-1.0_-0.8,Rover0,8574.250000015474,8689.500000013797
780,explore_point,explore_point_-1.0_-1.6,Rover1,8563.700000015628,8689.900000013791
788,explore_point,explore_point_-1.0_0.0,Rover2,8688.55000001381,8691.950000013761
791,explore_point,explore_point_-1.0_0.6,Rover2,8692.500000013753,8697.60000001368
789,explore_point,explore_point_-1.0_0.2,Rover0,8690.400000013784,8699.750000013648
792,explore_point,explore_point_-1.0_0.8,Rover2,8698.150000013671,8701.500000013622
794,explore_point,explore_point_-1.0_1.2,Rover2,8702.050000013614,8705.350000013566
793,explore_point,explore_point_-1.0_1.0,Rover0,8700.30000001364,8707.90000001353
790,explore_point,explore_point_-1.0_0.4,Rover1,8690.400000013784,8709.000000013513
795,explore_point,explore_point_-1.0_1.4,Rover2,8705.900000013558,8710.100000013497
796,explore_point,explore_point_-1.0_1.6,Rover0,8708.450000013521,8714.850000013428
798,explore_point,explore_point_-1.0_2.0,Rover2,8710.65000001349,8715.800000013414
800,explore_point,explore_point_-1.0_2.4,Rover2,8716.350000013406,8720.25000001335
797,explore_point,explore_point_-1.0_1.8,Rover1,8709.550000013505,8722.050000013323
799,explore_point,explore_point_-1.0_2.2,Rover0,8715.750000013415,8723.050000013309
801,explore_point,explore_point_-1.0_2.6,Rover2,8720.800000013342,8724.800000013283
803,explore_point,explore_point_-1.0_3.0,Rover0,8723.6000000133,8729.950000013208
804,explore_point,explore_point_-1.0_3.2,Rover2,8725.350000013275,8731.700000013183
802,explore_point,explore_point_-1.0_2.8,Rover1,8722.95000001331,8732.700000013168
806,explore_point,explore_point_-1.0_3.6,Rover2,8732.60000001317,8736.400000013115
805,explore_point,explore_point_-1.0_3.4,Rover0,8730.5000000132,8737.550000013098
808,explore_point,explore_point_-1.0_4.0,Rover2,8736.950000013107,8740.750000013051
809,explore_point,explore_point_-1.0_4.2,Rover2,8741.200000013045,8742.400000013027
810,explore_point,explore_point_-1.0_4.4,Rover2,8742.85000001302,8744.150000013002
807,explore_point,explore_point_-1.0_3.8,Rover1,8733.25000001316,8854.650000011394
812,explore_point,explore_point_-0.8_-4.2,Rover0,8855.150000011387,9011.200000009116
814,explore_point,explore_point_-0.8_-3.8,Rover0,9011.65000000911,9024.050000008929
815,explore_point,explore_point_-0.8_-3.6,Rover0,9024.60000000892,9027.900000008873
813,explore_point,explore_point_-0.8_-4.0,Rover1,8855.150000011387,9029.800000008845
816,explore_point,explore_point_-0.8_-3.4,Rover0,9028.450000008865,9031.200000008825
811,explore_point,explore_point_-0.8_-4.4,Rover2,8744.600000012995,9033.150000008796
818,explore_point,explore_point_-0.8_-3.0,Rover0,9031.750000008817,9036.500000008748
817,explore_point,explore_point_-0.8_-3.2,Rover1,9030.350000008837,9037.400000008734
820,explore_point,explore_point_-0.8_-2.6,Rover0,9037.400000008734,9041.600000008673
821,explore_point,explore_point_-0.8_-2.4,Rover1,9037.950000008726,9044.500000008631
822,explore_point,explore_point_-0.8_-2.2,Rover0,9042.150000008665,9047.650000008585
819,explore_point,explore_point_-0.8_-2.8,Rover2,9033.700000008788,9048.100000008579
823,explore_point,explore_point_-0.8_-2.0,Rover1,9045.050000008623,9050.250000008547
824,explore_point,explore_point_-0.8_-1.8,Rover0,9048.550000008572,9053.050000008507
826,explore_point,explore_point_-0.8_-1.4,Rover1,9050.80000000854,9056.150000008462
825,explore_point,explore_point_-0.8_-1.6,Rover2,9048.600000008571,9058.650000008425
827,explore_point,explore_point_-0.8_-1.2,Rover0,9053.600000008499,9060.000000008406
828,explore_point,explore_point_-0.8_-1.0,Rover1,9056.700000008454,9061.300000008387
830,explore_point,explore_point_-0.8_-0.6,Rover0,9060.550000008398,9066.300000008314
829,explore_point,explore_point_-0.8_-0.8,Rover2,9059.200000008417,9067.800000008292
831,explore_point,explore_point_-0.8_-0.4,Rover1,9061.850000008379,9068.300000008285
832,explore_point,explore_point_-0.8_-0.2,Rover0,9066.850000008306,9071.450000008239
834,explore_point,explore_point_-0.8_0.2,Rover1,9068.800000008277,9189.300000006524
833,explore_point,explore_point_-0.8_0.0,Rover2,9068.700000008279,9191.200000006496
835,explore_point,explore_point_-0.8_0.4,Rover0,9072.000000008231,9194.700000006445
836,explore_point,explore_point_-0.8_0.6,Rover1,9189.850000006516,9195.10000000644
837,explore_point,explore_point_-0.8_0.8,Rover2,9191.750000006488,9199.550000006375
838,explore_point,explore_point_-0.8_1.0,Rover0,9195.600000006432,9201.30000000635
839,explore_point,explore_point_-0.8_1.2,Rover1,9195.600000006432,9202.60000000633
840,explore_point,explore_point_-0.8_1.4,Rover2,9200.100000006367,9205.900000006282
841,explore_point,explore_point_-0.8_1.6,Rover0,9201.850000006341,9207.650000006257
842,explore_point,explore_point_-0.8_1.8,Rover1,9203.150000006322,9210.350000006218
843,explore_point,explore_point_-0.8_2.0,Rover2,9206.450000006274,9212.850000006181
844,explore_point,explore_point_-0.8_2.2,Rover0,9208.200000006249,9214.600000006156
845,explore_point,explore_point_-0.8_2.4,Rover1,9210.90000000621,9216.100000006134
846,explore_point,explore_point_-0.8_2.6,Rover2,9213.400000006173,9219.80000000608
847,explore_point,explore_point_-0.8_2.8,Rover0,9215.150000006148,9221.550000006055
848,explore_point,explore_point_-0.8_3.0,Rover1,9216.650000006126,9223.850000006021
850,explore_point,explore_point_-0.8_3.4,Rover0,9222.100000006047,9227.600000005967
849,explore_point,explore_point_-0.8_3.2,Rover2,9220.350000006072,9228.05000000596
851,explore_point,explore_point_-0.8_3.6,Rover1,9224.400000006013,9230.200000005929
852,explore_point,explore_point_-0.8_3.8,Rover0,9228.500000005954,9233.60000000588
854,explore_point,explore_point_-0.8_4.2,Rover1,9230.75000000592,9236.450000005838
853,explore_point,explore_point_-0.8_4.0,Rover2,9228.550000005953,9236.850000005832
855,explore_point,explore_point_-0.8_4.4,Rover0,9234.150000005871,9240.500000005779
857,explore_point,explore_point_-0.6_-4.2,Rover2,9237.350000005825,9516.150000001768
859,explore_point,explore_point_-0.6_-3.8,Rover2,9516.70000000176,9518.80000000173
860,explore_point,explore_point_-0.6_-3.6,Rover2,9519.350000001721,9522.250000001679
861,explore_point,explore_point_-0.6_-3.4,Rover2,9522.800000001671,9524.90000000164
862,explore_point,explore_point_-0.6_-3.2,Rover2,9525.450000001632,9527.900000001597
856,explore_point,explore_point_-0.6_-4.4,Rover1,9237.350000005825,9528.40000000159
858,explore_point,explore_point_-0.6_-4.0,Rover0,9241.000000005772,9530.350000001561
863,explore_point,explore_point_-0.6_-3.0,Rover2,9528.800000001584,9532.100000001536
866,explore_point,explore_point_-0.6_-2.4,Rover2,9532.650000001528,9538.350000001445
864,explore_point,explore_point_-0.6_-2.8,Rover1,9528.900000001582,9540.150000001418
865,explore_point,explore_point_-0.6_-2.6,Rover0,9530.900000001553,9541.900000001393
867,explore_point,explore_point_-0.6_-2.2,Rover2,9538.900000001437,9542.350000001386
870,explore_point,explore_point_-0.6_-1.6,Rover2,9542.85000000138,9547.350000001314
868,explore_point,explore_point_-0.6_-2.0,Rover1,9540.70000000141,9549.900000001277
869,explore_point,explore_point_-0.6_-1.8,Rover0,9542.80000000138,9550.40000000127
871,explore_point,explore_point_-0.6_-1.4,Rover2,9547.900000001306,9552.100000001245
874,explore_point,explore_point_-0.6_-0.8,Rover2,9552.650000001237,9557.050000001173
873,explore_point,explore_point_-0.6_-1.0,Rover0,9550.900000001262,9558.55000000115
875,explore_point,explore_point_-0.6_-0.6,Rover2,9557.550000001165,9559.850000001132
877,explore_point,explore_point_-0.6_-0.2,Rover2,9560.350000001124,9563.35000000108
878,explore_point,explore_point_-0.6_0.0,Rover2,9563.800000001074,9682.849999999342
876,explore_point,explore_point_-0.6_-0.4,Rover0,9559.050000001143,9684.799999999314
872,explore_point,explore_point_-0.6_-1.2,Rover1,9550.800000001263,9685.899999999298
879,explore_point,explore_point_-0.6_0.2,Rover2,9683.399999999334,9687.399999999276
882,explore_point,explore_point_-0.6_0.8,Rover2,9687.949999999268,9693.049999999193
883,explore_point,explore_point_-0.6_1.0,Rover2,9693.599999999185,9695.899999999152
880,explore_point,explore_point_-0.6_0.4,Rover0,9685.349999999306,9697.249999999132
884,explore_point,explore_point_-0.6_1.2,Rover2,9696.449999999144,9699.799999999095
886,explore_point,explore_point_-0.6_1.6,Rover2,9700.349999999087,9703.64999999904
881,explore_point,explore_point_-0.6_0.6,Rover1,9686.44999999929,9705.64999999901
885,explore_point,explore_point_-0.6_1.4,Rover0,9697.799999999124,9708.249999998972
887,explore_point,explore_point_-0.6_1.8,Rover2,9704.199999999031,9709.399999998956
890,explore_point,explore_point_-0.6_2.4,Rover2,9709.949999998948,9714.64999999888
889,explore_point,explore_point_-0.6_2.2,Rover0,9708.799999998964,9715.799999998862
891,explore_point,explore_point_-0.6_2.6,Rover2,9715.199999998871,9718.299999998826
888,explore_point,explore_point_-0.6_2.0,Rover1,9706.199999999002,9718.799999998819
892,explore_point,explore_point_-0.6_2.8,Rover0,9716.349999998854,9722.349999998767
893,explore_point,explore_point_-0.6_3.0,Rover2,9719.199999998813,9723.299999998753
895,explore_point,explore_point_-0.6_3.4,Rover0,9723.249999998754,9728.249999998681
896,explore_point,explore_point_-0.6_3.6,Rover2,9723.849999998745,9729.549999998662
894,explore_point,explore_point_-0.6_3.2,Rover1,9719.299999998811,9730.049999998655
897,explore_point,explore_point_-0.6_3.8,Rover0,9729.149999998668,9733.599999998603
898,explore_point,explore_point_-0.6_4.0,Rover2,9730.44999999865,9734.49999999859
900,explore_point,explore_point_-0.6_4.4,Rover0,9734.49999999859,9850.949999996896
899,explore_point,explore_point_-0.6_4.2,Rover1,9730.549999998648,9854.449999996845
901,explore_point,explore_point_-0.4_-4.4,Rover2,9734.999999998583,9891.499999996306
904,explore_point,explore_point_-0.4_-3.8,Rover2,9891.999999996298,9894.949999996255
905,explore_point,explore_point_-0.4_-3.6,Rover2,9895.399999996249,9896.69999999623
906,explore_point,explore_point_-0.4_-3.4,Rover2,9897.149999996223,10011.599999994558
907,explore_point,explore_point_-0.4_-3.2,Rover2,10012.14999999455,10014.24999999452
908,explore_point,explore_point_-0.4_-3.0,Rover2,10014.799999994511,10017.69999999447
909,explore_point,explore_point_-0.4_-2.8,Rover2,10018.249999994461,10020.34999999443
910,explore_point,explore_point_-0.4_-2.6,Rover2,10020.899999994423,10024.399999994372
911,explore_point,explore_point_-0.4_-2.4,Rover2,10024.949999994364,10027.24999999433
903,explore_point,explore_point_-0.4_-4.0,Rover1,9854.999999996837,10028.449999994313
912,explore_point,explore_point_-0.4_-2.2,Rover2,10027.799999994322,10030.549999994282
914,explore_point,explore_point_-0.4_-1.8,Rover2,10031.099999994274,10034.599999994223
915,explore_point,explore_point_-0.4_-1.6,Rover2,10035.149999994215,10038.19999999417
902,explore_point,explore_point_-0.4_-4.2,Rover0,9851.499999996888,10038.649999994164
916,explore_point,explore_point_-0.4_-1.4,Rover2,10039.099999994158,10041.74999999412
913,explore_point,explore_point_-0.4_-2.0,Rover1,10028.999999994305,10044.549999994078
918,explore_point,explore_point_-0.4_-1.0,Rover2,10042.299999994111,10046.849999994045
920,explore_point,explore_point_-0.4_-0.6,Rover2,10047.399999994037,10051.29999999398
919,explore_point,explore_point_-0.4_-0.8,Rover1,10045.09999999407,10055.049999993926
921,explore_point,explore_point_-0.4_0.6,Rover2,10051.849999993972,10061.449999993833
923,explore_point,explore_point_-0.4_1.0,Rover2,10061.899999993826,10063.799999993798
924,explore_point,explore_point_-0.4_1.2,Rover2,10064.249999993792,10065.549999993773
925,explore_point,explore_point_-0.4_1.4,Rover2,10065.999999993766,10174.249999992191
926,explore_point,explore_point_-0.4_1.6,Rover2,10174.799999992183,10177.09999999215
927,explore_point,explore_point_-0.4_1.8,Rover2,10177.649999992142,10179.949999992108
917,explore_point,explore_point_-0.4_-1.2,Rover0,10039.149999994157,10180.899999992094
928,explore_point,explore_point_-0.4_2.0,Rover2,10180.849999992095,10183.24999999206
922,explore_point,explore_point_-0.4_0.8,Rover1,10055.549999993918,10187.049999992005
930,explore_point,explore_point_-0.4_2.4,Rover2,10183.799999992052,10188.349999991986
932,explore_point,explore_point_-0.4_2.8,Rover2,10188.899999991978,10192.19999999193
933,explore_point,explore_point_-0.4_3.0,Rover2,10192.749999991922,10195.449999991883
934,explore_point,explore_point_-0.4_3.2,Rover2,10195.999999991875,10198.299999991841
935,explore_point,explore_point_-0.4_3.4,Rover2,10198.849999991833,10200.949999991803
931,explore_point,explore_point_-0.4_2.6,Rover1,10187.599999991997,10204.349999991753
936,explore_point,explore_point_-0.4_3.6,Rover2,10201.499999991795,10205.449999991737
938,explore_point,explore_point_-0.4_4.0,Rover2,10205.999999991729,10209.299999991681
939,explore_point,explore_point_-0.4_4.2,Rover2,10209.849999991673,10212.549999991634
929,explore_point,explore_point_-0.4_2.2,Rover0,10181.449999992086,10215.649999991589
940,explore_point,explore_point_-0.4_4.4,Rover2,10213.099999991626,10216.099999991582
937,explore_point,explore_point_-0.4_3.8,Rover1,10204.899999991745,10217.049999991568
942,explore_point,explore_point_-0.2_-4.2,Rover2,10216.94999999157,10372.499999989306
944,explore_point,explore_point_-0.2_-3.8,Rover2,10373.049999989298,10375.349999989265
945,explore_point,explore_point_-0.2_-3.6,Rover2,10375.899999989257,10378.599999989217
946,explore_point,explore_point_-0.2_-3.4,Rover2,10379.14999998921,10380.599999989188
941,explore_point,explore_point_-0.2_-4.4,Rover0,10216.549999991576,10510.049999987305
947,explore_point,explore_point_-0.2_-3.2,Rover2,10381.049999989182,10510.99999998729
949,explore_point,explore_point_-0.2_-2.8,Rover2,10511.549999987283,10515.049999987232
950,explore_point,explore_point_-0.2_-2.6,Rover2,10515.599999987224,10518.299999987184
951,explore_point,explore_point_-0.2_-2.4,Rover2,10518.849999987176,10520.949999987146
948,explore_point,explore_point_-0.2_-3.0,Rover0,10510.949999987291,10521.899999987132
943,explore_point,explore_point_-0.2_-4.0,Rover1,10217.59999999156,10523.999999987102
952,explore_point,explore_point_-0.2_-2.2,Rover2,10521.849999987133,10525.699999987077
955,explore_point,explore_point_-0.2_-1.6,Rover2,10526.249999987069,10530.749999987003
953,explore_point,explore_point_-0.2_-2.0,Rover0,10522.449999987124,10531.899999986987
956,explore_point,explore_point_-0.2_-1.4,Rover2,10531.299999986995,10534.049999986955
958,explore_point,explore_point_-0.2_-1.0,Rover2,10534.599999986947,10538.49999998689
957,explore_point,explore_point_-0.2_-1.2,Rover0,10532.449999986979,10539.449999986877
954,explore_point,explore_point_-0.2_-1.8,Rover1,10524.549999987094,10541.94999998684
959,explore_point,explore_point_-0.2_-0.8,Rover2,10539.399999986877,10543.049999986824
960,explore_point,explore_point_-0.2_-0.6,Rover0,10539.999999986869,10546.399999986776
962,explore_point,explore_point_-0.2_0.8,Rover2,10543.599999986816,10559.249999986589
964,explore_point,explore_point_-0.2_1.2,Rover2,10559.749999986581,10686.24999998474
965,explore_point,explore_point_-0.2_1.4,Rover2,10686.799999984732,10689.099999984699
966,explore_point,explore_point_-0.2_1.6,Rover2,10689.649999984691,10691.949999984658
963,explore_point,explore_point_-0.2_1.0,Rover0,10546.949999986768,10694.49999998462
967,explore_point,explore_point_-0.2_1.8,Rover2,10692.49999998465,10696.049999984598
969,explore_point,explore_point_-0.2_2.2,Rover2,10696.59999998459,10699.899999984542
970,explore_point,explore_point_-0.2_2.4,Rover2,10700.449999984534,10702.7499999845
968,explore_point,explore_point_-0.2_2.0,Rover0,10695.049999984612,10703.899999984484
971,explore_point,explore_point_-0.2_2.6,Rover2,10703.299999984492,10706.049999984452
973,explore_point,explore_point_-0.2_3.0,Rover2,10706.599999984444,10711.04999998438
972,explore_point,explore_point_-0.2_2.8,Rover0,10704.449999984476,10711.499999984373
961,explore_point,explore_point_-0.2_0.6,Rover1,10542.499999986832,10712.949999984352
974,explore_point,explore_point_-0.2_3.2,Rover2,10711.949999984367,10715.249999984318
975,explore_point,explore_point_-0.2_3.4,Rover0,10711.999999984366,10718.399999984273
977,explore_point,explore_point_-0.2_3.8,Rover2,10715.79999998431,10721.749999984224
978,explore_point,explore_point_-0.2_4.0,Rover0,10718.949999984265,10724.74999998418
979,explore_point,explore_point_-0.2_4.2,Rover2,10722.299999984216,10726.349999984157
980,explore_point,explore_point_-0.2_4.4,Rover0,10725.249999984173,10851.049999982342
976,explore_point,explore_point_-0.2_3.6,Rover1,10713.499999984344,10860.549999982204
981,explore_point,explore_point_0.0_-4.4,Rover2,10726.84999998415,10885.649999981839
984,explore_point,explore_point_0.0_-3.8,Rover2,10886.19999998183,10889.549999981782
985,explore_point,explore_point_0.0_-3.6,Rover2,10890.049999981775,10891.449999981754
986,explore_point,explore_point_0.0_-3.4,Rover2,10891.899999981748,10893.09999998173
987,explore_point,explore_point_0.0_-3.2,Rover2,10893.549999981724,11012.549999979992
988,explore_point,explore_point_0.0_-3.0,Rover2,11013.099999979984,11016.399999979936
989,explore_point,explore_point_0.0_-2.8,Rover2,11016.949999979928,11019.049999979898
990,explore_point,explore_point_0.0_-2.6,Rover2,11019.59999997989,11022.499999979847
991,explore_point,explore_point_0.0_-2.4,Rover2,11023.04999997984,11025.949999979797
992,explore_point,explore_point_0.0_-2.2,Rover2,11026.49999997979,11028.199999979764
993,explore_point,explore_point_0.0_-2.0,Rover2,11028.749999979756,11031.649999979714
994,explore_point,explore_point_0.0_-1.8,Rover2,11032.199999979706,11034.499999979673
995,explore_point,explore_point_0.0_-1.6,Rover2,11035.049999979665,11037.949999979623
983,explore_point,explore_point_0.0_-4.0,Rover1,10861.099999982196,11039.949999979593
996,explore_point,explore_point_0.0_-1.4,Rover2,11038.499999979615,11041.249999979575
982,explore_point,explore_point_0.0_-4.2,Rover0,10851.599999982334,11043.799999979537
998,explore_point,explore_point_0.0_-1.0,Rover2,11041.799999979567,11046.549999979497
1000,explore_point,explore_point_0.0_-0.6,Rover2,11047.09999997949,11050.399999979441
